place_id,display_name,category,stay_time,open_time,close_time
K0001,Node_1,Other,0,00:00,23:59
K0002,Node_2,Other,0,00:00,23:59
K0003,Node_3,Other,0,00:00,23:59
K0004,Node_4,Other,0,00:00,23:59
K0005,Node_5,Other,0,00:00,23:59
K0006,Node_6,Other,0,00:00,23:59
K0007,Node_7,Other,0,00:00,23:59
K0008,Node_8,Other,0,00:00,23:59
K0009,Node_9,Other,0,00:00,23:59
K0010,Node_10,Other,0,00:00,23:59
K0011,Node_11,Other,0,00:00,23:59
K0012,Node_12,Other,0,00:00,23:59
K0013,Node_13,Other,0,00:00,23:59
K0014,Node_14,Other,0,00:00,23:59
K0015,Node_15,Other,0,00:00,23:59
K0016,Node_16,Other,0,00:00,23:59
K0017,Node_17,Other,0,00:00,23:59
K0018,Node_18,Other,0,00:00,23:59
K0019,Node_19,Other,0,00:00,23:59
K0020,Node_20,Other,0,00:00,23:59
K0021,Node_21,Other,0,00:00,23:59
K0022,Node_22,Other,0,00:00,23:59
K0023,Node_23,Other,0,00:00,23:59
K0024,Node_24,Other,0,00:00,23:59
K0025,Node_25,Other,0,00:00,23:59
K0026,Node_26,Other,0,00:00,23:59
K0027,Node_27,Other,0,00:00,23:59
K0028,Node_28,Other,0,00:00,23:59
K0029,Node_29,Other,0,00:00,23:59
K0030,Node_30,Other,0,00:00,23:59
K0031,Node_31,Other,0,00:00,23:59
K0032,Node_32,Other,0,00:00,23:59
K0033,Node_33,Other,0,00:00,23:59
K0034,Node_34,Other,0,00:00,23:59
K0035,Node_35,Other,0,00:00,23:59
K0036,Node_36,Other,0,00:00,23:59
K0037,Node_37,Other,0,00:00,23:59
K0038,Node_38,Other,0,00:00,23:59
K0039,Node_39,Other,0,00:00,23:59
K0040,Node_40,Other,0,00:00,23:59
K0041,Node_41,Other,0,00:00,23:59
K0042,Node_42,Other,0,00:00,23:59
K0043,Node_43,Other,0,00:00,23:59
K0044,Node_44,Other,0,00:00,23:59
K0045,Node_45,Other,0,00:00,23:59
K0046,Node_46,Other,0,00:00,23:59
K0047,Node_47,Other,0,00:00,23:59
K0048,Node_48,Other,0,00:00,23:59
K0049,Node_49,Other,0,00:00,23:59
K0050,Node_50,Other,0,00:00,23:59
K0051,Node_51,Other,0,00:00,23:59
K0052,Node_52,Other,0,00:00,23:59
K0053,Node_53,Other,0,00:00,23:59
K0054,Node_54,Other,0,00:00,23:59
K0055,Node_55,Other,0,00:00,23:59
K0056,Node_56,Other,0,00:00,23:59
K0057,Node_57,Other,0,00:00,23:59
K0058,Node_58,Other,0,00:00,23:59
K0059,Node_59,Other,0,00:00,23:59
K0060,Node_60,Other,0,00:00,23:59
K0061,Node_61,Other,0,00:00,23:59
K0062,Node_62,Other,0,00:00,23:59
K0063,Node_63,Other,0,00:00,23:59
K0064,Node_64,Other,0,00:00,23:59
K0065,Node_65,Other,0,00:00,23:59
K0066,Node_66,Other,0,00:00,23:59
K0067,Node_67,Other,0,00:00,23:59
K0068,Node_68,Other,0,00:00,23:59
K0069,Node_69,Other,0,00:00,23:59
K0070,Node_70,Other,0,00:00,23:59
K0071,Node_71,Other,0,00:00,23:59
K0072,Node_72,Other,0,00:00,23:59
K0073,Node_73,Other,0,00:00,23:59
K0074,Node_74,Other,0,00:00,23:59
K0075,Node_75,Other,0,00:00,23:59
K0076,Node_76,Other,0,00:00,23:59
K0077,Node_77,Other,0,00:00,23:59
K0078,Node_78,Other,0,00:00,23:59
K0079,Node_79,Other,0,00:00,23:59
K0080,Node_80,Other,0,00:00,23:59
K0081,Node_81,Other,0,00:00,23:59
K0082,Node_82,Other,0,00:00,23:59
K0083,Node_83,Other,0,00:00,23:59
K0084,Node_84,Other,0,00:00,23:59
K0085,Node_85,Other,0,00:00,23:59
K0086,Node_86,Other,0,00:00,23:59
K0087,Node_87,Other,0,00:00,23:59
K0088,Node_88,Other,0,00:00,23:59
K0089,Node_89,Other,0,00:00,23:59
K0090,Node_90,Other,0,00:00,23:59
K0091,Node_91,Other,0,00:00,23:59
K0092,Node_92,Other,0,00:00,23:59
K0093,Node_93,Other,0,00:00,23:59
K0094,Node_94,Other,0,00:00,23:59
K0095,Node_95,Other,0,00:00,23:59
K0096,Node_96,Other,0,00:00,23:59
K0097,Node_97,Other,0,00:00,23:59
K0098,Node_98,Other,0,00:00,23:59
K0099,Node_99,Other,0,00:00,23:59
K0100,Node_100,Other,0,00:00,23:59
K0101,Node_101,Other,0,00:00,23:59
K0102,Node_102,Other,0,00:00,23:59
K0103,Node_103,Other,0,00:00,23:59
K0104,Node_104,Other,0,00:00,23:59
K0105,Node_105,Other,0,00:00,23:59
K0106,Node_106,Other,0,00:00,23:59
K0107,Node_107,Other,0,00:00,23:59
K0108,Node_108,Other,0,00:00,23:59
K0109,Node_109,Other,0,00:00,23:59
K0110,Node_110,Other,0,00:00,23:59
K0111,Node_111,Other,0,00:00,23:59
K0112,Node_112,Other,0,00:00,23:59
K0113,Node_113,Other,0,00:00,23:59
K0114,Node_114,Other,0,00:00,23:59
K0115,Node_115,Other,0,00:00,23:59
K0116,Node_116,Other,0,00:00,23:59
K0117,Node_117,Other,0,00:00,23:59
K0118,Node_118,Other,0,00:00,23:59
K0119,Node_119,Other,0,00:00,23:59
K0120,Node_120,Other,0,00:00,23:59
K0121,Node_121,Other,0,00:00,23:59
K0122,Node_122,Other,0,00:00,23:59
K0123,Node_123,Other,0,00:00,23:59
K0124,Node_124,Other,0,00:00,23:59
K0125,Node_125,Other,0,00:00,23:59
K0126,Node_126,Other,0,00:00,23:59
K0127,Node_127,Other,0,00:00,23:59
K0128,Node_128,Other,0,00:00,23:59
K0129,Node_129,Other,0,00:00,23:59
K0130,Node_130,Other,0,00:00,23:59
K0131,Node_131,Other,0,00:00,23:59
K0132,Node_132,Other,0,00:00,23:59
K0133,Node_133,Other,0,00:00,23:59
K0134,Node_134,Other,0,00:00,23:59
K0135,Node_135,Other,0,00:00,23:59
K0136,Node_136,Other,0,00:00,23:59
K0137,Node_137,Other,0,00:00,23:59
K0138,Node_138,Other,0,00:00,23:59
K0139,Node_139,Other,0,00:00,23:59
K0140,Node_140,Other,0,00:00,23:59
K0141,Node_141,Other,0,00:00,23:59
K0142,Node_142,Other,0,00:00,23:59
K0143,Node_143,Other,0,00:00,23:59
K0144,Node_144,Other,0,00:00,23:59
K0145,Node_145,Other,0,00:00,23:59
K0146,Node_146,Other,0,00:00,23:59
K0147,Node_147,Other,0,00:00,23:59
K0148,Node_148,Other,0,00:00,23:59
K0149,Node_149,Other,0,00:00,23:59
K0150,Node_150,Other,0,00:00,23:59
K0151,Node_151,Other,0,00:00,23:59
K0152,Node_152,Other,0,00:00,23:59
K0153,Node_153,Other,0,00:00,23:59
K0154,Node_154,Other,0,00:00,23:59
K0155,Node_155,Other,0,00:00,23:59
K0156,Node_156,Other,0,00:00,23:59
K0157,Node_157,Other,0,00:00,23:59
K0158,Node_158,Other,0,00:00,23:59
K0159,Node_159,Other,0,00:00,23:59
K0160,Node_160,Other,0,00:00,23:59
K0161,Node_161,Other,0,00:00,23:59
K0162,Node_162,Other,0,00:00,23:59
K0163,Node_163,Other,0,00:00,23:59
K0164,Node_164,Other,0,00:00,23:59
K0165,Node_165,Other,0,00:00,23:59
K0166,Node_166,Other,0,00:00,23:59
K0167,Node_167,Other,0,00:00,23:59
K0168,Node_168,Other,0,00:00,23:59
K0169,Node_169,Other,0,00:00,23:59
K0170,Node_170,Other,0,00:00,23:59
K0171,Node_171,Other,0,00:00,23:59
K0172,Node_172,Other,0,00:00,23:59
K0173,Node_173,Other,0,00:00,23:59
K0174,Node_174,Other,0,00:00,23:59
K0175,Node_175,Other,0,00:00,23:59
K0176,Node_176,Other,0,00:00,23:59
K0177,Node_177,Other,0,00:00,23:59
K0178,Node_178,Other,0,00:00,23:59
K0179,Node_179,Other,0,00:00,23:59
K0180,Node_180,Other,0,00:00,23:59
K0181,Node_181,Other,0,00:00,23:59
K0182,Node_182,Other,0,00:00,23:59
K0183,Node_183,Other,0,00:00,23:59
K0184,Node_184,Other,0,00:00,23:59
K0185,Node_185,Other,0,00:00,23:59
K0186,Node_186,Other,0,00:00,23:59
K0187,Node_187,Other,0,00:00,23:59
K0188,Node_188,Other,0,00:00,23:59
K0189,Node_189,Other,0,00:00,23:59
K0190,Node_190,Other,0,00:00,23:59
K0191,Node_191,Other,0,00:00,23:59
K0192,Node_192,Other,0,00:00,23:59
K0193,Node_193,Other,0,00:00,23:59
K0194,Node_194,Other,0,00:00,23:59
K0195,Node_195,Other,0,00:00,23:59
K0196,Node_196,Other,0,00:00,23:59
K0197,Node_197,Other,0,00:00,23:59
K0198,Node_198,Other,0,00:00,23:59
K0199,Node_199,Other,0,00:00,23:59
K0200,Node_200,Other,0,00:00,23:59
K0201,Node_201,Other,0,00:00,23:59
K0202,Node_202,Other,0,00:00,23:59
K0203,Node_203,Other,0,00:00,23:59
K0204,Node_204,Other,0,00:00,23:59
K0205,Node_205,Other,0,00:00,23:59
K0206,Node_206,Other,0,00:00,23:59
K0207,Node_207,Other,0,00:00,23:59
K0208,Node_208,Other,0,00:00,23:59
K0209,Node_209,Other,0,00:00,23:59
K0210,Node_210,Other,0,00:00,23:59
K0211,Node_211,Other,0,00:00,23:59
K0212,Node_212,Other,0,00:00,23:59
K0213,Node_213,Other,0,00:00,23:59
K0214,Node_214,Other,0,00:00,23:59
K0215,Node_215,Other,0,00:00,23:59
K0216,Node_216,Other,0,00:00,23:59
K0217,Node_217,Other,0,00:00,23:59
K0218,Node_218,Other,0,00:00,23:59
K0219,Node_219,Other,0,00:00,23:59
K0220,Node_220,Other,0,00:00,23:59
K0221,Node_221,Other,0,00:00,23:59
K0222,Node_222,Other,0,00:00,23:59
K0223,Node_223,Other,0,00:00,23:59
K0224,Node_224,Other,0,00:00,23:59
K0225,Node_225,Other,0,00:00,23:59
K0226,Node_226,Other,0,00:00,23:59
K0227,Node_227,Other,0,00:00,23:59
K0228,Node_228,Other,0,00:00,23:59
K0229,Node_229,Other,0,00:00,23:59
K0230,Node_230,Other,0,00:00,23:59
K0231,Node_231,Other,0,00:00,23:59
K0232,Node_232,Other,0,00:00,23:59
K0233,Node_233,Other,0,00:00,23:59
K0234,Node_234,Other,0,00:00,23:59
K0235,Node_235,Other,0,00:00,23:59
K0236,Node_236,Other,0,00:00,23:59
K0237,Node_237,Other,0,00:00,23:59
K0238,Node_238,Other,0,00:00,23:59
K0239,Node_239,Other,0,00:00,23:59
K0240,Node_240,Other,0,00:00,23:59
K0241,Node_241,Other,0,00:00,23:59
K0242,Node_242,Other,0,00:00,23:59
K0243,Node_243,Other,0,00:00,23:59
K0244,Node_244,Other,0,00:00,23:59
K0245,Node_245,Other,0,00:00,23:59
K0246,Node_246,Other,0,00:00,23:59
K0247,Node_247,Other,0,00:00,23:59
K0248,Node_248,Other,0,00:00,23:59
K0249,Node_249,Other,0,00:00,23:59
K0250,Node_250,Other,0,00:00,23:59
K0251,Node_251,Other,0,00:00,23:59
K0252,Node_252,Other,0,00:00,23:59
K0253,Node_253,Other,0,00:00,23:59
K0254,Node_254,Other,0,00:00,23:59
K0255,Node_255,Other,0,00:00,23:59
K0256,Node_256,Other,0,00:00,23:59
K0257,Node_257,Other,0,00:00,23:59
K0258,Node_258,Other,0,00:00,23:59
K0259,Node_259,Other,0,00:00,23:59
K0260,Node_260,Other,0,00:00,23:59
K0261,Node_261,Other,0,00:00,23:59
K0262,Node_262,Other,0,00:00,23:59
K0263,Node_263,Other,0,00:00,23:59
K0264,Node_264,Other,0,00:00,23:59
K0265,Node_265,Other,0,00:00,23:59
K0266,Node_266,Other,0,00:00,23:59
K0267,Node_267,Other,0,00:00,23:59
K0268,Node_268,Other,0,00:00,23:59
K0269,Node_269,Other,0,00:00,23:59
K0270,Node_270,Other,0,00:00,23:59
K0271,Node_271,Other,0,00:00,23:59
K0272,Node_272,Other,0,00:00,23:59
K0273,Node_273,Other,0,00:00,23:59
K0274,Node_274,Other,0,00:00,23:59
K0275,Node_275,Other,0,00:00,23:59
K0276,Node_276,Other,0,00:00,23:59
K0277,Node_277,Other,0,00:00,23:59
K0278,Node_278,Other,0,00:00,23:59
K0279,Node_279,Other,0,00:00,23:59
K0280,Node_280,Other,0,00:00,23:59
K0281,Node_281,Other,0,00:00,23:59
K0282,Node_282,Other,0,00:00,23:59
K0283,Node_283,Other,0,00:00,23:59
K0284,Node_284,Other,0,00:00,23:59
K0285,Node_285,Other,0,00:00,23:59
K0286,Node_286,Other,0,00:00,23:59
K0287,Node_287,Other,0,00:00,23:59
K0288,Node_288,Other,0,00:00,23:59
K0289,Node_289,Other,0,00:00,23:59
K0290,Node_290,Other,0,00:00,23:59
K0291,Node_291,Other,0,00:00,23:59
K0292,Node_292,Other,0,00:00,23:59
K0293,Node_293,Other,0,00:00,23:59
K0294,Node_294,Other,0,00:00,23:59
K0295,Node_295,Other,0,00:00,23:59
K0296,Node_296,Other,0,00:00,23:59
K0297,Node_297,Other,0,00:00,23:59
K0298,Node_298,Other,0,00:00,23:59
K0299,Node_299,Other,0,00:00,23:59
K0300,Node_300,Other,0,00:00,23:59
K0301,Node_301,Other,0,00:00,23:59
K0302,Node_302,Other,0,00:00,23:59
K0303,Node_303,Other,0,00:00,23:59
K0304,Node_304,Other,0,00:00,23:59
K0305,Node_305,Other,0,00:00,23:59
K0306,Node_306,Other,0,00:00,23:59
K0307,Node_307,Other,0,00:00,23:59
K0308,Node_308,Other,0,00:00,23:59
K0309,Node_309,Other,0,00:00,23:59
K0310,Node_310,Other,0,00:00,23:59
K0311,Node_311,Other,0,00:00,23:59
K0312,Node_312,Other,0,00:00,23:59
K0313,Node_313,Other,0,00:00,23:59
K0314,Node_314,Other,0,00:00,23:59
K0315,Node_315,Other,0,00:00,23:59
K0316,Node_316,Other,0,00:00,23:59
K0317,Node_317,Other,0,00:00,23:59
K0318,Node_318,Other,0,00:00,23:59
K0319,Node_319,Other,0,00:00,23:59
K0320,Node_320,Other,0,00:00,23:59
K0321,Node_321,Other,0,00:00,23:59
K0322,Node_322,Other,0,00:00,23:59
K0323,Node_323,Other,0,00:00,23:59
K0324,Node_324,Other,0,00:00,23:59
K0325,Node_325,Other,0,00:00,23:59
K0326,Node_326,Other,0,00:00,23:59
K0327,Node_327,Other,0,00:00,23:59
K0328,Node_328,Other,0,00:00,23:59
K0329,Node_329,Other,0,00:00,23:59
K0330,Node_330,Other,0,00:00,23:59
K0331,Node_331,Other,0,00:00,23:59
K0332,Node_332,Other,0,00:00,23:59
K0333,Node_333,Other,0,00:00,23:59
K0334,Node_334,Other,0,00:00,23:59
K0335,Node_335,Other,0,00:00,23:59
K0336,Node_336,Other,0,00:00,23:59
K0337,Node_337,Other,0,00:00,23:59
K0338,Node_338,Other,0,00:00,23:59
K0339,Node_339,Other,0,00:00,23:59
K0340,Node_340,Other,0,00:00,23:59
K0341,Node_341,Other,0,00:00,23:59
K0342,Node_342,Other,0,00:00,23:59
K0343,Node_343,Other,0,00:00,23:59
K0344,Node_344,Other,0,00:00,23:59
K0345,Node_345,Other,0,00:00,23:59
K0346,Node_346,Other,0,00:00,23:59
K0347,Node_347,Other,0,00:00,23:59
K0348,Node_348,Other,0,00:00,23:59
K0349,Node_349,Other,0,00:00,23:59
K0350,Node_350,Other,0,00:00,23:59
K0351,Node_351,Other,0,00:00,23:59
K0352,Node_352,Other,0,00:00,23:59
K0353,Node_353,Other,0,00:00,23:59
K0354,Node_354,Other,0,00:00,23:59
K0355,Node_355,Other,0,00:00,23:59
K0356,Node_356,Other,0,00:00,23:59
K0357,Node_357,Other,0,00:00,23:59
K0358,Node_358,Other,0,00:00,23:59
K0359,Node_359,Other,0,00:00,23:59
K0360,Node_360,Other,0,00:00,23:59
K0361,Node_361,Other,0,00:00,23:59
K0362,Node_362,Other,0,00:00,23:59
K0363,Node_363,Other,0,00:00,23:59
K0364,Node_364,Other,0,00:00,23:59
K0365,Node_365,Other,0,00:00,23:59
K0366,Node_366,Other,0,00:00,23:59
K0367,Node_367,Other,0,00:00,23:59
K0368,Node_368,Other,0,00:00,23:59
K0369,Node_369,Other,0,00:00,23:59
K0370,Node_370,Other,0,00:00,23:59
K0371,Node_371,Other,0,00:00,23:59
K0372,Node_372,Other,0,00:00,23:59
K0373,Node_373,Other,0,00:00,23:59
K0374,Node_374,Other,0,00:00,23:59
K0375,Node_375,Other,0,00:00,23:59
K0376,Node_376,Other,0,00:00,23:59
K0377,Node_377,Other,0,00:00,23:59
K0378,Node_378,Other,0,00:00,23:59
K0379,Node_379,Other,0,00:00,23:59
K0380,Node_380,Other,0,00:00,23:59
K0381,Node_381,Other,0,00:00,23:59
K0382,Node_382,Other,0,00:00,23:59
K0383,Node_383,Other,0,00:00,23:59
K0384,Node_384,Other,0,00:00,23:59
K0385,Node_385,Other,0,00:00,23:59
K0386,Node_386,Other,0,00:00,23:59
K0387,Node_387,Other,0,00:00,23:59
K0388,Node_388,Other,0,00:00,23:59
K0389,Node_389,Other,0,00:00,23:59
K0390,Node_390,Other,0,00:00,23:59
K0391,Node_391,Other,0,00:00,23:59
K0392,Node_392,Other,0,00:00,23:59
K0393,Node_393,Other,0,00:00,23:59
K0394,Node_394,Other,0,00:00,23:59
K0395,Node_395,Other,0,00:00,23:59
K0396,Node_396,Other,0,00:00,23:59
K0397,Node_397,Other,0,00:00,23:59
K0398,Node_398,Other,0,00:00,23:59
K0399,Node_399,Other,0,00:00,23:59
K0400,Node_400,Other,0,00:00,23:59
K0401,Node_401,Other,0,00:00,23:59
K0402,Node_402,Other,0,00:00,23:59
K0403,Node_403,Other,0,00:00,23:59
K0404,Node_404,Other,0,00:00,23:59
K0405,Node_405,Other,0,00:00,23:59
K0406,Node_406,Other,0,00:00,23:59
K0407,Node_407,Other,0,00:00,23:59
K0408,Node_408,Other,0,00:00,23:59
K0409,Node_409,Other,0,00:00,23:59
K0410,Node_410,Other,0,00:00,23:59
K0411,Node_411,Other,0,00:00,23:59
K0412,Node_412,Other,0,00:00,23:59
K0413,Node_413,Other,0,00:00,23:59
K0414,Node_414,Other,0,00:00,23:59
K0415,Node_415,Other,0,00:00,23:59
K0416,Node_416,Other,0,00:00,23:59
K0417,Node_417,Other,0,00:00,23:59
K0418,Node_418,Other,0,00:00,23:59
K0419,Node_419,Other,0,00:00,23:59
K0420,Node_420,Other,0,00:00,23:59
K0421,Node_421,Other,0,00:00,23:59
K0422,Node_422,Other,0,00:00,23:59
K0423,Node_423,Other,0,00:00,23:59
K0424,Node_424,Other,0,00:00,23:59
K0425,Node_425,Other,0,00:00,23:59
K0426,Node_426,Other,0,00:00,23:59
K0427,Node_427,Other,0,00:00,23:59
K0428,Node_428,Other,0,00:00,23:59
K0429,Node_429,Other,0,00:00,23:59
K0430,Node_430,Other,0,00:00,23:59
K0431,Node_431,Other,0,00:00,23:59
K0432,Node_432,Other,0,00:00,23:59
K0433,Node_433,Other,0,00:00,23:59
K0434,Node_434,Other,0,00:00,23:59
K0435,Node_435,Other,0,00:00,23:59
K0436,Node_436,Other,0,00:00,23:59
K0437,Node_437,Other,0,00:00,23:59
K0438,Node_438,Other,0,00:00,23:59
K0439,Node_439,Other,0,00:00,23:59
K0440,Node_440,Other,0,00:00,23:59
K0441,Node_441,Other,0,00:00,23:59
K0442,Node_442,Other,0,00:00,23:59
K0443,Node_443,Other,0,00:00,23:59
K0444,Node_444,Other,0,00:00,23:59
K0445,Node_445,Other,0,00:00,23:59
K0446,Node_446,Other,0,00:00,23:59
K0447,Node_447,Other,0,00:00,23:59
K0448,Node_448,Other,0,00:00,23:59
K0449,Node_449,Other,0,00:00,23:59
K0450,Node_450,Other,0,00:00,23:59
K0451,Node_451,Other,0,00:00,23:59
K0452,Node_452,Other,0,00:00,23:59
K0453,Node_453,Other,0,00:00,23:59
K0454,Node_454,Other,0,00:00,23:59
K0455,Node_455,Other,0,00:00,23:59
K0456,Node_456,Other,0,00:00,23:59
K0457,Node_457,Other,0,00:00,23:59
K0458,Node_458,Other,0,00:00,23:59
K0459,Node_459,Other,0,00:00,23:59
K0460,Node_460,Other,0,00:00,23:59
K0461,Node_461,Other,0,00:00,23:59
K0462,Node_462,Other,0,00:00,23:59
K0463,Node_463,Other,0,00:00,23:59
K0464,Node_464,Other,0,00:00,23:59
K0465,Node_465,Other,0,00:00,23:59
K0466,Node_466,Other,0,00:00,23:59
K0467,Node_467,Other,0,00:00,23:59
K0468,Node_468,Other,0,00:00,23:59
K0469,Node_469,Other,0,00:00,23:59
K0470,Node_470,Other,0,00:00,23:59
K0471,Node_471,Other,0,00:00,23:59
K0472,Node_472,Other,0,00:00,23:59
K0473,Node_473,Other,0,00:00,23:59
K0474,Node_474,Other,0,00:00,23:59
K0475,Node_475,Other,0,00:00,23:59
K0476,Node_476,Other,0,00:00,23:59
K0477,Node_477,Other,0,00:00,23:59
K0478,Node_478,Other,0,00:00,23:59
K0479,Node_479,Other,0,00:00,23:59
K0480,Node_480,Other,0,00:00,23:59
K0481,Node_481,Other,0,00:00,23:59
K0482,Node_482,Other,0,00:00,23:59
K0483,Node_483,Other,0,00:00,23:59
K0484,Node_484,Other,0,00:00,23:59
K0485,Node_485,Other,0,00:00,23:59
K0486,Node_486,Other,0,00:00,23:59
K0487,Node_487,Other,0,00:00,23:59
K0488,Node_488,Other,0,00:00,23:59
K0489,Node_489,Other,0,00:00,23:59
K0490,Node_490,Other,0,00:00,23:59
K0491,Node_491,Other,0,00:00,23:59
K0492,Node_492,Other,0,00:00,23:59
K0493,Node_493,Other,0,00:00,23:59
K0494,Node_494,Other,0,00:00,23:59
K0495,Node_495,Other,0,00:00,23:59
K0496,Node_496,Other,0,00:00,23:59
K0497,Node_497,Other,0,00:00,23:59
K0498,Node_498,Other,0,00:00,23:59
K0499,Node_499,Other,0,00:00,23:59
K0500,Node_500,Other,0,00:00,23:59
K0501,Node_501,Other,0,00:00,23:59
K0502,Node_502,Other,0,00:00,23:59
K0503,Node_503,Other,0,00:00,23:59
K0504,Node_504,Other,0,00:00,23:59
K0505,Node_505,Other,0,00:00,23:59
K0506,Node_506,Other,0,00:00,23:59
K0507,Node_507,Other,0,00:00,23:59
K0508,Node_508,Other,0,00:00,23:59
K0509,Node_509,Other,0,00:00,23:59
K0510,Node_510,Other,0,00:00,23:59
K0511,Node_511,Other,0,00:00,23:59
K0512,Node_512,Other,0,00:00,23:59
K0513,Node_513,Other,0,00:00,23:59
K0514,Node_514,Other,0,00:00,23:59
K0515,Node_515,Other,0,00:00,23:59
K0516,Node_516,Other,0,00:00,23:59
K0517,Node_517,Other,0,00:00,23:59
K0518,Node_518,Other,0,00:00,23:59
K0519,Node_519,Other,0,00:00,23:59
K0520,Node_520,Other,0,00:00,23:59
K0521,Node_521,Other,0,00:00,23:59
K0522,Node_522,Other,0,00:00,23:59
K0523,Node_523,Other,0,00:00,23:59
K0524,Node_524,Other,0,00:00,23:59
K0525,Node_525,Other,0,00:00,23:59
K0526,Node_526,Other,0,00:00,23:59
K0527,Node_527,Other,0,00:00,23:59
K0528,Node_528,Other,0,00:00,23:59
K0529,Node_529,Other,0,00:00,23:59
K0530,Node_530,Other,0,00:00,23:59
K0531,Node_531,Other,0,00:00,23:59
K0532,Node_532,Other,0,00:00,23:59
K0533,Node_533,Other,0,00:00,23:59
K0534,Node_534,Other,0,00:00,23:59
K0535,Node_535,Other,0,00:00,23:59
K0536,Node_536,Other,0,00:00,23:59
K0537,Node_537,Other,0,00:00,23:59
K0538,Node_538,Other,0,00:00,23:59
K0539,Node_539,Other,0,00:00,23:59
K0540,Node_540,Other,0,00:00,23:59
K0541,Node_541,Other,0,00:00,23:59
K0542,Node_542,Other,0,00:00,23:59
K0543,Node_543,Other,0,00:00,23:59
K0544,Node_544,Other,0,00:00,23:59
K0545,Node_545,Other,0,00:00,23:59
K0546,Node_546,Other,0,00:00,23:59
K0547,Node_547,Other,0,00:00,23:59
K0548,Node_548,Other,0,00:00,23:59
K0549,Node_549,Other,0,00:00,23:59
K0550,Node_550,Other,0,00:00,23:59
K0551,Node_551,Other,0,00:00,23:59
K0552,Node_552,Other,0,00:00,23:59
K0553,Node_553,Other,0,00:00,23:59
K0554,Node_554,Other,0,00:00,23:59
K0555,Node_555,Other,0,00:00,23:59
K0556,Node_556,Other,0,00:00,23:59
K0557,Node_557,Other,0,00:00,23:59
K0558,Node_558,Other,0,00:00,23:59
K0559,Node_559,Other,0,00:00,23:59
K0560,Node_560,Other,0,00:00,23:59
K0561,Node_561,Other,0,00:00,23:59
K0562,Node_562,Other,0,00:00,23:59
K0563,Node_563,Other,0,00:00,23:59
K0564,Node_564,Other,0,00:00,23:59
K0565,Node_565,Other,0,00:00,23:59
K0566,Node_566,Other,0,00:00,23:59
K0567,Node_567,Other,0,00:00,23:59
K0568,Node_568,Other,0,00:00,23:59
K0569,Node_569,Other,0,00:00,23:59
K0570,Node_570,Other,0,00:00,23:59
K0571,Node_571,Other,0,00:00,23:59
K0572,Node_572,Other,0,00:00,23:59
K0573,Node_573,Other,0,00:00,23:59
K0574,Node_574,Other,0,00:00,23:59
K0575,Node_575,Other,0,00:00,23:59
K0576,Node_576,Other,0,00:00,23:59
K0577,Node_577,Other,0,00:00,23:59
K0578,Node_578,Other,0,00:00,23:59
K0579,Node_579,Other,0,00:00,23:59
K0580,Node_580,Other,0,00:00,23:59
K0581,Node_581,Other,0,00:00,23:59
K0582,Node_582,Other,0,00:00,23:59
K0583,Node_583,Other,0,00:00,23:59
K0584,Node_584,Other,0,00:00,23:59
K0585,Node_585,Other,0,00:00,23:59
K0586,Node_586,Other,0,00:00,23:59
K0587,Node_587,Other,0,00:00,23:59
K0588,Node_588,Other,0,00:00,23:59
K0589,Node_589,Other,0,00:00,23:59
K0590,Node_590,Other,0,00:00,23:59
K0591,Node_591,Other,0,00:00,23:59
K0592,Node_592,Other,0,00:00,23:59
K0593,Node_593,Other,0,00:00,23:59
K0594,Node_594,Other,0,00:00,23:59
K0595,Node_595,Other,0,00:00,23:59
K0596,Node_596,Other,0,00:00,23:59
K0597,Node_597,Other,0,00:00,23:59
K0598,Node_598,Other,0,00:00,23:59
K0599,Node_599,Other,0,00:00,23:59
K0600,Node_600,Other,0,00:00,23:59
K0601,Node_601,Other,0,00:00,23:59
K0602,Node_602,Other,0,00:00,23:59
K0603,Node_603,Other,0,00:00,23:59
K0604,Node_604,Other,0,00:00,23:59
K0605,Node_605,Other,0,00:00,23:59
K0606,Node_606,Other,0,00:00,23:59
K0607,Node_607,Other,0,00:00,23:59
K0608,Node_608,Other,0,00:00,23:59
K0609,Node_609,Other,0,00:00,23:59
K0610,Node_610,Other,0,00:00,23:59
K0611,Node_611,Other,0,00:00,23:59
K0612,Node_612,Other,0,00:00,23:59
K0613,Node_613,Other,0,00:00,23:59
K0614,Node_614,Other,0,00:00,23:59
K0615,Node_615,Other,0,00:00,23:59
K0616,Node_616,Other,0,00:00,23:59
K0617,Node_617,Other,0,00:00,23:59
K0618,Node_618,Other,0,00:00,23:59
K0619,Node_619,Other,0,00:00,23:59
K0620,Node_620,Other,0,00:00,23:59
K0621,Node_621,Other,0,00:00,23:59
K0622,Node_622,Other,0,00:00,23:59
K0623,Node_623,Other,0,00:00,23:59
K0624,Node_624,Other,0,00:00,23:59
K0625,Node_625,Other,0,00:00,23:59
K0626,Node_626,Other,0,00:00,23:59
K0627,Node_627,Other,0,00:00,23:59
K0628,Node_628,Other,0,00:00,23:59
K0629,Node_629,Other,0,00:00,23:59
K0630,Node_630,Other,0,00:00,23:59
K0631,Node_631,Other,0,00:00,23:59
K0632,Node_632,Other,0,00:00,23:59
K0633,Node_633,Other,0,00:00,23:59
K0634,Node_634,Other,0,00:00,23:59
K0635,Node_635,Other,0,00:00,23:59
K0636,Node_636,Other,0,00:00,23:59
K0637,Node_637,Other,0,00:00,23:59
K0638,Node_638,Other,0,00:00,23:59
K0639,Node_639,Other,0,00:00,23:59
K0640,Node_640,Other,0,00:00,23:59
K0641,Node_641,Other,0,00:00,23:59
K0642,Node_642,Other,0,00:00,23:59
K0643,Node_643,Other,0,00:00,23:59
K0644,Node_644,Other,0,00:00,23:59
K0645,Node_645,Other,0,00:00,23:59
K0646,Node_646,Other,0,00:00,23:59
K0647,Node_647,Other,0,00:00,23:59
K0648,Node_648,Other,0,00:00,23:59
K0649,Node_649,Other,0,00:00,23:59
K0650,Node_650,Other,0,00:00,23:59
K0651,Node_651,Other,0,00:00,23:59
K0652,Node_652,Other,0,00:00,23:59
K0653,Node_653,Other,0,00:00,23:59
K0654,Node_654,Other,0,00:00,23:59
K0655,Node_655,Other,0,00:00,23:59
K0656,Node_656,Other,0,00:00,23:59
K0657,Node_657,Other,0,00:00,23:59
K0658,Node_658,Other,0,00:00,23:59
K0659,Node_659,Other,0,00:00,23:59
K0660,Node_660,Other,0,00:00,23:59
K0661,Node_661,Other,0,00:00,23:59
K0662,Node_662,Other,0,00:00,23:59
K0663,Node_663,Other,0,00:00,23:59
K0664,Node_664,Other,0,00:00,23:59
K0665,Node_665,Other,0,00:00,23:59
K0666,Node_666,Other,0,00:00,23:59
K0667,Node_667,Other,0,00:00,23:59
K0668,Node_668,Other,0,00:00,23:59
K0669,Node_669,Other,0,00:00,23:59
K0670,Node_670,Other,0,00:00,23:59
K0671,Node_671,Other,0,00:00,23:59
K0672,Node_672,Other,0,00:00,23:59
K0673,Node_673,Other,0,00:00,23:59
K0674,Node_674,Other,0,00:00,23:59
K0675,Node_675,Other,0,00:00,23:59
K0676,Node_676,Other,0,00:00,23:59
K0677,Node_677,Other,0,00:00,23:59
K0678,Node_678,Other,0,00:00,23:59
K0679,Node_679,Other,0,00:00,23:59
K0680,Node_680,Other,0,00:00,23:59
K0681,Node_681,Other,0,00:00,23:59
K0682,Node_682,Other,0,00:00,23:59
K0683,Node_683,Other,0,00:00,23:59
K0684,Node_684,Other,0,00:00,23:59
K0685,Node_685,Other,0,00:00,23:59
K0686,Node_686,Other,0,00:00,23:59
K0687,Node_687,Other,0,00:00,23:59
K0688,Node_688,Other,0,00:00,23:59
K0689,Node_689,Other,0,00:00,23:59
K0690,Node_690,Other,0,00:00,23:59
K0691,Node_691,Other,0,00:00,23:59
K0692,Node_692,Other,0,00:00,23:59
K0693,Node_693,Other,0,00:00,23:59
K0694,Node_694,Other,0,00:00,23:59
K0695,Node_695,Other,0,00:00,23:59
K0696,Node_696,Other,0,00:00,23:59
K0697,Node_697,Other,0,00:00,23:59
K0698,Node_698,Other,0,00:00,23:59
K0699,Node_699,Other,0,00:00,23:59
K0700,Node_700,Other,0,00:00,23:59
K0701,Node_701,Other,0,00:00,23:59
K0702,Node_702,Other,0,00:00,23:59
K0703,Node_703,Other,0,00:00,23:59
K0704,Node_704,Other,0,00:00,23:59
K0705,Node_705,Other,0,00:00,23:59
K0706,Node_706,Other,0,00:00,23:59
K0707,Node_707,Other,0,00:00,23:59
K0708,Node_708,Other,0,00:00,23:59
K0709,Node_709,Other,0,00:00,23:59
K0710,Node_710,Other,0,00:00,23:59
K0711,Node_711,Other,0,00:00,23:59
K0712,Node_712,Other,0,00:00,23:59
K0713,Node_713,Other,0,00:00,23:59
K0714,Node_714,Other,0,00:00,23:59
K0715,Node_715,Other,0,00:00,23:59
K0716,Node_716,Other,0,00:00,23:59
K0717,Node_717,Other,0,00:00,23:59
K0718,Node_718,Other,0,00:00,23:59
K0719,Node_719,Other,0,00:00,23:59
K0720,Node_720,Other,0,00:00,23:59
K0721,Node_721,Other,0,00:00,23:59
K0722,Node_722,Other,0,00:00,23:59
K0723,Node_723,Other,0,00:00,23:59
K0724,Node_724,Other,0,00:00,23:59
K0725,Node_725,Other,0,00:00,23:59
K0726,Node_726,Other,0,00:00,23:59
K0727,Node_727,Other,0,00:00,23:59
K0728,Node_728,Other,0,00:00,23:59
K0729,Node_729,Other,0,00:00,23:59
K0730,Node_730,Other,0,00:00,23:59
K0731,Node_731,Other,0,00:00,23:59
K0732,Node_732,Other,0,00:00,23:59
K0733,Node_733,Other,0,00:00,23:59
K0734,Node_734,Other,0,00:00,23:59
K0735,Node_735,Other,0,00:00,23:59
K0736,Node_736,Other,0,00:00,23:59
K0737,Node_737,Other,0,00:00,23:59
K0738,Node_738,Other,0,00:00,23:59
K0739,Node_739,Other,0,00:00,23:59
K0740,Node_740,Other,0,00:00,23:59
K0741,Node_741,Other,0,00:00,23:59
K0742,Node_742,Other,0,00:00,23:59
K0743,Node_743,Other,0,00:00,23:59
K0744,Node_744,Other,0,00:00,23:59
K0745,Node_745,Other,0,00:00,23:59
K0746,Node_746,Other,0,00:00,23:59
K0747,Node_747,Other,0,00:00,23:59
K0748,Node_748,Other,0,00:00,23:59
K0749,Node_749,Other,0,00:00,23:59
K0750,Node_750,Other,0,00:00,23:59
K0751,Node_751,Other,0,00:00,23:59
K0752,Node_752,Other,0,00:00,23:59
K0753,Node_753,Other,0,00:00,23:59
K0754,Node_754,Other,0,00:00,23:59
K0755,Node_755,Other,0,00:00,23:59
K0756,Node_756,Other,0,00:00,23:59
K0757,Node_757,Other,0,00:00,23:59
K0758,Node_758,Other,0,00:00,23:59
K0759,Node_759,Other,0,00:00,23:59
K0760,Node_760,Other,0,00:00,23:59
K0761,Node_761,Other,0,00:00,23:59
K0762,Node_762,Other,0,00:00,23:59
K0763,Node_763,Other,0,00:00,23:59
K0764,Node_764,Other,0,00:00,23:59
K0765,Node_765,Other,0,00:00,23:59
K0766,Node_766,Other,0,00:00,23:59
K0767,Node_767,Other,0,00:00,23:59
K0768,Node_768,Other,0,00:00,23:59
K0769,Node_769,Other,0,00:00,23:59
K0770,Node_770,Other,0,00:00,23:59
K0771,Node_771,Other,0,00:00,23:59
K0772,Node_772,Other,0,00:00,23:59
K0773,Node_773,Other,0,00:00,23:59
K0774,Node_774,Other,0,00:00,23:59
K0775,Node_775,Other,0,00:00,23:59
K0776,Node_776,Other,0,00:00,23:59
K0777,Node_777,Other,0,00:00,23:59
K0778,Node_778,Other,0,00:00,23:59
K0779,Node_779,Other,0,00:00,23:59
K0780,Node_780,Other,0,00:00,23:59
K0781,Node_781,Other,0,00:00,23:59
K0782,Node_782,Other,0,00:00,23:59
K0783,Node_783,Other,0,00:00,23:59
K0784,Node_784,Other,0,00:00,23:59
K0785,Node_785,Other,0,00:00,23:59
K0786,Node_786,Other,0,00:00,23:59
K0787,Node_787,Other,0,00:00,23:59
K0788,Node_788,Other,0,00:00,23:59
K0789,Node_789,Other,0,00:00,23:59
K0790,Node_790,Other,0,00:00,23:59
K0791,Node_791,Other,0,00:00,23:59
K0792,Node_792,Other,0,00:00,23:59
K0793,Node_793,Other,0,00:00,23:59
K0794,Node_794,Other,0,00:00,23:59
K0795,Node_795,Other,0,00:00,23:59
K0796,Node_796,Other,0,00:00,23:59
K0797,Node_797,Other,0,00:00,23:59
K0798,Node_798,Other,0,00:00,23:59
K0799,Node_799,Other,0,00:00,23:59
K0800,Node_800,Other,0,00:00,23:59
K0801,Node_801,Other,0,00:00,23:59
K0802,Node_802,Other,0,00:00,23:59
K0803,Node_803,Other,0,00:00,23:59
K0804,Node_804,Other,0,00:00,23:59
K0805,Node_805,Other,0,00:00,23:59
K0806,Node_806,Other,0,00:00,23:59
K0807,Node_807,Other,0,00:00,23:59
K0808,Node_808,Other,0,00:00,23:59
K0809,Node_809,Other,0,00:00,23:59
K0810,Node_810,Other,0,00:00,23:59
K0811,Node_811,Other,0,00:00,23:59
K0812,Node_812,Other,0,00:00,23:59
K0813,Node_813,Other,0,00:00,23:59
K0814,Node_814,Other,0,00:00,23:59
K0815,Node_815,Other,0,00:00,23:59
K0816,Node_816,Other,0,00:00,23:59
K0817,Node_817,Other,0,00:00,23:59
K0818,Node_818,Other,0,00:00,23:59
K0819,Node_819,Other,0,00:00,23:59
K0820,Node_820,Other,0,00:00,23:59
K0821,Node_821,Other,0,00:00,23:59
K0822,Node_822,Other,0,00:00,23:59
K0823,Node_823,Other,0,00:00,23:59
K0824,Node_824,Other,0,00:00,23:59
K0825,Node_825,Other,0,00:00,23:59
K0826,Node_826,Other,0,00:00,23:59
K0827,Node_827,Other,0,00:00,23:59
K0828,Node_828,Other,0,00:00,23:59
K0829,Node_829,Other,0,00:00,23:59
K0830,Node_830,Other,0,00:00,23:59
K0831,Node_831,Other,0,00:00,23:59
K0832,Node_832,Other,0,00:00,23:59
K0833,Node_833,Other,0,00:00,23:59
K0834,Node_834,Other,0,00:00,23:59
K0835,Node_835,Other,0,00:00,23:59
K0836,Node_836,Other,0,00:00,23:59
K0837,Node_837,Other,0,00:00,23:59
K0838,Node_838,Other,0,00:00,23:59
K0839,Node_839,Other,0,00:00,23:59
K0840,Node_840,Other,0,00:00,23:59
K0841,Node_841,Other,0,00:00,23:59
K0842,Node_842,Other,0,00:00,23:59
K0843,Node_843,Other,0,00:00,23:59
K0844,Node_844,Other,0,00:00,23:59
K0845,Node_845,Other,0,00:00,23:59
K0846,Node_846,Other,0,00:00,23:59
K0847,Node_847,Other,0,00:00,23:59
K0848,Node_848,Other,0,00:00,23:59
K0849,Node_849,Other,0,00:00,23:59
K0850,Node_850,Other,0,00:00,23:59
K0851,Node_851,Other,0,00:00,23:59
K0852,Node_852,Other,0,00:00,23:59
K0853,Node_853,Other,0,00:00,23:59
K0854,Node_854,Other,0,00:00,23:59
K0855,Node_855,Other,0,00:00,23:59
K0856,Node_856,Other,0,00:00,23:59
K0857,Node_857,Other,0,00:00,23:59
K0858,Node_858,Other,0,00:00,23:59
K0859,Node_859,Other,0,00:00,23:59
K0860,Node_860,Other,0,00:00,23:59
K0861,Node_861,Other,0,00:00,23:59
K0862,Node_862,Other,0,00:00,23:59
K0863,Node_863,Other,0,00:00,23:59
K0864,Node_864,Other,0,00:00,23:59
K0865,Node_865,Other,0,00:00,23:59
K0866,Node_866,Other,0,00:00,23:59
K0867,Node_867,Other,0,00:00,23:59
K0868,Node_868,Other,0,00:00,23:59
K0869,Node_869,Other,0,00:00,23:59
K0870,Node_870,Other,0,00:00,23:59
K0871,Node_871,Other,0,00:00,23:59
K0872,Node_872,Other,0,00:00,23:59
K0873,Node_873,Other,0,00:00,23:59
K0874,Node_874,Other,0,00:00,23:59
K0875,Node_875,Other,0,00:00,23:59
K0876,Node_876,Other,0,00:00,23:59
K0877,Node_877,Other,0,00:00,23:59
K0878,Node_878,Other,0,00:00,23:59
K0879,Node_879,Other,0,00:00,23:59
K0880,Node_880,Other,0,00:00,23:59
K0881,Node_881,Other,0,00:00,23:59
K0882,Node_882,Other,0,00:00,23:59
K0883,Node_883,Other,0,00:00,23:59
K0884,Node_884,Other,0,00:00,23:59
K0885,Node_885,Other,0,00:00,23:59
K0886,Node_886,Other,0,00:00,23:59
K0887,Node_887,Other,0,00:00,23:59
K0888,Node_888,Other,0,00:00,23:59
K0889,Node_889,Other,0,00:00,23:59
K0890,Node_890,Other,0,00:00,23:59
K0891,Node_891,Other,0,00:00,23:59
K0892,Node_892,Other,0,00:00,23:59
K0893,Node_893,Other,0,00:00,23:59
K0894,Node_894,Other,0,00:00,23:59
K0895,Node_895,Other,0,00:00,23:59
K0896,Node_896,Other,0,00:00,23:59
K0897,Node_897,Other,0,00:00,23:59
K0898,Node_898,Other,0,00:00,23:59
K0899,Node_899,Other,0,00:00,23:59
K0900,Node_900,Other,0,00:00,23:59
K0901,Node_901,Other,0,00:00,23:59
K0902,Node_902,Other,0,00:00,23:59
K0903,Node_903,Other,0,00:00,23:59
K0904,Node_904,Other,0,00:00,23:59
K0905,Node_905,Other,0,00:00,23:59
K0906,Node_906,Other,0,00:00,23:59
K0907,Node_907,Other,0,00:00,23:59
K0908,Node_908,Other,0,00:00,23:59
K0909,Node_909,Other,0,00:00,23:59
K0910,Node_910,Other,0,00:00,23:59
K0911,Node_911,Other,0,00:00,23:59
K0912,Node_912,Other,0,00:00,23:59
K0913,Node_913,Other,0,00:00,23:59
K0914,Node_914,Other,0,00:00,23:59
K0915,Node_915,Other,0,00:00,23:59
K0916,Node_916,Other,0,00:00,23:59
K0917,Node_917,Other,0,00:00,23:59
K0918,Node_918,Other,0,00:00,23:59
K0919,Node_919,Other,0,00:00,23:59
K0920,Node_920,Other,0,00:00,23:59
K0921,Node_921,Other,0,00:00,23:59
K0922,Node_922,Other,0,00:00,23:59
K0923,Node_923,Other,0,00:00,23:59
K0924,Node_924,Other,0,00:00,23:59
K0925,Node_925,Other,0,00:00,23:59
K0926,Node_926,Other,0,00:00,23:59
K0927,Node_927,Other,0,00:00,23:59
K0928,Node_928,Other,0,00:00,23:59
K0929,Node_929,Other,0,00:00,23:59
K0930,Node_930,Other,0,00:00,23:59
K0931,Node_931,Other,0,00:00,23:59
K0932,Node_932,Other,0,00:00,23:59
K0933,Node_933,Other,0,00:00,23:59
K0934,Node_934,Other,0,00:00,23:59
K0935,Node_935,Other,0,00:00,23:59
K0936,Node_936,Other,0,00:00,23:59
K0937,Node_937,Other,0,00:00,23:59
K0938,Node_938,Other,0,00:00,23:59
K0939,Node_939,Other,0,00:00,23:59
K0940,Node_940,Other,0,00:00,23:59
K0941,Node_941,Other,0,00:00,23:59
K0942,Node_942,Other,0,00:00,23:59
K0943,Node_943,Other,0,00:00,23:59
K0944,Node_944,Other,0,00:00,23:59
K0945,Node_945,Other,0,00:00,23:59
K0946,Node_946,Other,0,00:00,23:59
K0947,Node_947,Other,0,00:00,23:59
K0948,Node_948,Other,0,00:00,23:59
K0949,Node_949,Other,0,00:00,23:59
K0950,Node_950,Other,0,00:00,23:59
K0951,Node_951,Other,0,00:00,23:59
K0952,Node_952,Other,0,00:00,23:59
K0953,Node_953,Other,0,00:00,23:59
K0954,Node_954,Other,0,00:00,23:59
K0955,Node_955,Other,0,00:00,23:59
K0956,Node_956,Other,0,00:00,23:59
K0957,Node_957,Other,0,00:00,23:59
K0958,Node_958,Other,0,00:00,23:59
K0959,Node_959,Other,0,00:00,23:59
K0960,Node_960,Other,0,00:00,23:59
K0961,Node_961,Other,0,00:00,23:59
K0962,Node_962,Other,0,00:00,23:59
K0963,Node_963,Other,0,00:00,23:59
K0964,Node_964,Other,0,00:00,23:59
K0965,Node_965,Other,0,00:00,23:59
K0966,Node_966,Other,0,00:00,23:59
K0967,Node_967,Other,0,00:00,23:59
K0968,Node_968,Other,0,00:00,23:59
K0969,Node_969,Other,0,00:00,23:59
K0970,Node_970,Other,0,00:00,23:59
K0971,Node_971,Other,0,00:00,23:59
K0972,Node_972,Other,0,00:00,23:59
K0973,Node_973,Other,0,00:00,23:59
K0974,Node_974,Other,0,00:00,23:59
K0975,Node_975,Other,0,00:00,23:59
K0976,Node_976,Other,0,00:00,23:59
K0977,Node_977,Other,0,00:00,23:59
K0978,Node_978,Other,0,00:00,23:59
K0979,Node_979,Other,0,00:00,23:59
K0980,Node_980,Other,0,00:00,23:59
K0981,Node_981,Other,0,00:00,23:59
K0982,Node_982,Other,0,00:00,23:59
K0983,Node_983,Other,0,00:00,23:59
K0984,Node_984,Other,0,00:00,23:59
K0985,Node_985,Other,0,00:00,23:59
K0986,Node_986,Other,0,00:00,23:59
K0987,Node_987,Other,0,00:00,23:59
K0988,Node_988,Other,0,00:00,23:59
K0989,Node_989,Other,0,00:00,23:59
K0990,Node_990,Other,0,00:00,23:59
K0991,Node_991,Other,0,00:00,23:59
K0992,Node_992,Other,0,00:00,23:59
K0993,Node_993,Other,0,00:00,23:59
K0994,Node_994,Other,0,00:00,23:59
K0995,Node_995,Other,0,00:00,23:59
K0996,Node_996,Other,0,00:00,23:59
K0997,Node_997,Other,0,00:00,23:59
K0998,Node_998,Other,0,00:00,23:59
K0999,Node_999,Other,0,00:00,23:59
K1000,Node_1000,Other,0,00:00,23:59
K1001,Node_1001,Other,0,00:00,23:59
K1002,Node_1002,Other,0,00:00,23:59
K1003,Node_1003,Other,0,00:00,23:59
K1004,Node_1004,Other,0,00:00,23:59
K1005,Node_1005,Other,0,00:00,23:59
K1006,Node_1006,Other,0,00:00,23:59
K1007,Node_1007,Other,0,00:00,23:59
K1008,Node_1008,Other,0,00:00,23:59
K1009,Node_1009,Other,0,00:00,23:59
K1010,Node_1010,Other,0,00:00,23:59
K1011,Node_1011,Other,0,00:00,23:59
K1012,Node_1012,Other,0,00:00,23:59
K1013,Node_1013,Other,0,00:00,23:59
K1014,Node_1014,Other,0,00:00,23:59
K1015,Node_1015,Other,0,00:00,23:59
K1016,Node_1016,Other,0,00:00,23:59
K1017,Node_1017,Other,0,00:00,23:59
K1018,Node_1018,Other,0,00:00,23:59
K1019,Node_1019,Other,0,00:00,23:59
K1020,Node_1020,Other,0,00:00,23:59
K1021,Node_1021,Other,0,00:00,23:59
K1022,Node_1022,Other,0,00:00,23:59
K1023,Node_1023,Other,0,00:00,23:59
K1024,Node_1024,Other,0,00:00,23:59
K1025,Node_1025,Other,0,00:00,23:59
K1026,Node_1026,Other,0,00:00,23:59
K1027,Node_1027,Other,0,00:00,23:59
K1028,Node_1028,Other,0,00:00,23:59
K1029,Node_1029,Other,0,00:00,23:59
K1030,Node_1030,Other,0,00:00,23:59
K1031,Node_1031,Other,0,00:00,23:59
K1032,Node_1032,Other,0,00:00,23:59
K1033,Node_1033,Other,0,00:00,23:59
K1034,Node_1034,Other,0,00:00,23:59
K1035,Node_1035,Other,0,00:00,23:59
K1036,Node_1036,Other,0,00:00,23:59
K1037,Node_1037,Other,0,00:00,23:59
K1038,Node_1038,Other,0,00:00,23:59
K1039,Node_1039,Other,0,00:00,23:59
K1040,Node_1040,Other,0,00:00,23:59
K1041,Node_1041,Other,0,00:00,23:59
K1042,Node_1042,Other,0,00:00,23:59
K1043,Node_1043,Other,0,00:00,23:59
K1044,Node_1044,Other,0,00:00,23:59
K1045,Node_1045,Other,0,00:00,23:59
K1046,Node_1046,Other,0,00:00,23:59
K1047,Node_1047,Other,0,00:00,23:59
K1048,Node_1048,Other,0,00:00,23:59
K1049,Node_1049,Other,0,00:00,23:59
K1050,Node_1050,Other,0,00:00,23:59
K1051,Node_1051,Other,0,00:00,23:59
K1052,Node_1052,Other,0,00:00,23:59
K1053,Node_1053,Other,0,00:00,23:59
K1054,Node_1054,Other,0,00:00,23:59
K1055,Node_1055,Other,0,00:00,23:59
K1056,Node_1056,Other,0,00:00,23:59
K1057,Node_1057,Other,0,00:00,23:59
K1058,Node_1058,Other,0,00:00,23:59
K1059,Node_1059,Other,0,00:00,23:59
K1060,Node_1060,Other,0,00:00,23:59
K1061,Node_1061,Other,0,00:00,23:59
K1062,Node_1062,Other,0,00:00,23:59
K1063,Node_1063,Other,0,00:00,23:59
K1064,Node_1064,Other,0,00:00,23:59
K1065,Node_1065,Other,0,00:00,23:59
K1066,Node_1066,Other,0,00:00,23:59
K1067,Node_1067,Other,0,00:00,23:59
K1068,Node_1068,Other,0,00:00,23:59
K1069,Node_1069,Other,0,00:00,23:59
K1070,Node_1070,Other,0,00:00,23:59
K1071,Node_1071,Other,0,00:00,23:59
K1072,Node_1072,Other,0,00:00,23:59
K1073,Node_1073,Other,0,00:00,23:59
K1074,Node_1074,Other,0,00:00,23:59
K1075,Node_1075,Other,0,00:00,23:59
K1076,Node_1076,Other,0,00:00,23:59
K1077,Node_1077,Other,0,00:00,23:59
K1078,Node_1078,Other,0,00:00,23:59
K1079,Node_1079,Other,0,00:00,23:59
K1080,Node_1080,Other,0,00:00,23:59
K1081,Node_1081,Other,0,00:00,23:59
K1082,Node_1082,Other,0,00:00,23:59
K1083,Node_1083,Other,0,00:00,23:59
K1084,Node_1084,Other,0,00:00,23:59
K1085,Node_1085,Other,0,00:00,23:59
K1086,Node_1086,Other,0,00:00,23:59
K1087,Node_1087,Other,0,00:00,23:59
K1088,Node_1088,Other,0,00:00,23:59
K1089,Node_1089,Other,0,00:00,23:59
K1090,Node_1090,Other,0,00:00,23:59
K1091,Node_1091,Other,0,00:00,23:59
K1092,Node_1092,Other,0,00:00,23:59
K1093,Node_1093,Other,0,00:00,23:59
K1094,Node_1094,Other,0,00:00,23:59
K1095,Node_1095,Other,0,00:00,23:59
K1096,Node_1096,Other,0,00:00,23:59
K1097,Node_1097,Other,0,00:00,23:59
K1098,Node_1098,Other,0,00:00,23:59
K1099,Node_1099,Other,0,00:00,23:59
K1100,Node_1100,Other,0,00:00,23:59
K1101,Node_1101,Other,0,00:00,23:59
K1102,Node_1102,Other,0,00:00,23:59
K1103,Node_1103,Other,0,00:00,23:59
K1104,Node_1104,Other,0,00:00,23:59
K1105,Node_1105,Other,0,00:00,23:59
K1106,Node_1106,Other,0,00:00,23:59
K1107,Node_1107,Other,0,00:00,23:59
K1108,Node_1108,Other,0,00:00,23:59
K1109,Node_1109,Other,0,00:00,23:59
K1110,Node_1110,Other,0,00:00,23:59
K1111,Node_1111,Other,0,00:00,23:59
K1112,Node_1112,Other,0,00:00,23:59
K1113,Node_1113,Other,0,00:00,23:59
K1114,Node_1114,Other,0,00:00,23:59
K1115,Node_1115,Other,0,00:00,23:59
K1116,Node_1116,Other,0,00:00,23:59
K1117,Node_1117,Other,0,00:00,23:59
K1118,Node_1118,Other,0,00:00,23:59
K1119,Node_1119,Other,0,00:00,23:59
K1120,Node_1120,Other,0,00:00,23:59
K1121,Node_1121,Other,0,00:00,23:59
K1122,Node_1122,Other,0,00:00,23:59
K1123,Node_1123,Other,0,00:00,23:59
K1124,Node_1124,Other,0,00:00,23:59
K1125,Node_1125,Other,0,00:00,23:59
K1126,Node_1126,Other,0,00:00,23:59
K1127,Node_1127,Other,0,00:00,23:59
K1128,Node_1128,Other,0,00:00,23:59
K1129,Node_1129,Other,0,00:00,23:59
K1130,Node_1130,Other,0,00:00,23:59
K1131,Node_1131,Other,0,00:00,23:59
K1132,Node_1132,Other,0,00:00,23:59
K1133,Node_1133,Other,0,00:00,23:59
K1134,Node_1134,Other,0,00:00,23:59
K1135,Node_1135,Other,0,00:00,23:59
K1136,Node_1136,Other,0,00:00,23:59
K1137,Node_1137,Other,0,00:00,23:59
K1138,Node_1138,Other,0,00:00,23:59
K1139,Node_1139,Other,0,00:00,23:59
K1140,Node_1140,Other,0,00:00,23:59
K1141,Node_1141,Other,0,00:00,23:59
K1142,Node_1142,Other,0,00:00,23:59
K1143,Node_1143,Other,0,00:00,23:59
K1144,Node_1144,Other,0,00:00,23:59
K1145,Node_1145,Other,0,00:00,23:59
K1146,Node_1146,Other,0,00:00,23:59
K1147,Node_1147,Other,0,00:00,23:59
K1148,Node_1148,Other,0,00:00,23:59
K1149,Node_1149,Other,0,00:00,23:59
K1150,Node_1150,Other,0,00:00,23:59
K1151,Node_1151,Other,0,00:00,23:59
K1152,Node_1152,Other,0,00:00,23:59
K1153,Node_1153,Other,0,00:00,23:59
K1154,Node_1154,Other,0,00:00,23:59
K1155,Node_1155,Other,0,00:00,23:59
K1156,Node_1156,Other,0,00:00,23:59
K1157,Node_1157,Other,0,00:00,23:59
K1158,Node_1158,Other,0,00:00,23:59
K1159,Node_1159,Other,0,00:00,23:59
K1160,Node_1160,Other,0,00:00,23:59
K1161,Node_1161,Other,0,00:00,23:59
K1162,Node_1162,Other,0,00:00,23:59
K1163,Node_1163,Other,0,00:00,23:59
K1164,Node_1164,Other,0,00:00,23:59
K1165,Node_1165,Other,0,00:00,23:59
K1166,Node_1166,Other,0,00:00,23:59
K1167,Node_1167,Other,0,00:00,23:59
K1168,Node_1168,Other,0,00:00,23:59
K1169,Node_1169,Other,0,00:00,23:59
K1170,Node_1170,Other,0,00:00,23:59
K1171,Node_1171,Other,0,00:00,23:59
K1172,Node_1172,Other,0,00:00,23:59
K1173,Node_1173,Other,0,00:00,23:59
K1174,Node_1174,Other,0,00:00,23:59
K1175,Node_1175,Other,0,00:00,23:59
K1176,Node_1176,Other,0,00:00,23:59
K1177,Node_1177,Other,0,00:00,23:59
K1178,Node_1178,Other,0,00:00,23:59
K1179,Node_1179,Other,0,00:00,23:59
K1180,Node_1180,Other,0,00:00,23:59
K1181,Node_1181,Other,0,00:00,23:59
K1182,Node_1182,Other,0,00:00,23:59
K1183,Node_1183,Other,0,00:00,23:59
K1184,Node_1184,Other,0,00:00,23:59
K1185,Node_1185,Other,0,00:00,23:59
K1186,Node_1186,Other,0,00:00,23:59
K1187,Node_1187,Other,0,00:00,23:59
K1188,Node_1188,Other,0,00:00,23:59
K1189,Node_1189,Other,0,00:00,23:59
K1190,Node_1190,Other,0,00:00,23:59
K1191,Node_1191,Other,0,00:00,23:59
K1192,Node_1192,Other,0,00:00,23:59
K1193,Node_1193,Other,0,00:00,23:59
K1194,Node_1194,Other,0,00:00,23:59
K1195,Node_1195,Other,0,00:00,23:59
K1196,Node_1196,Other,0,00:00,23:59
K1197,Node_1197,Other,0,00:00,23:59
K1198,Node_1198,Other,0,00:00,23:59
K1199,Node_1199,Other,0,00:00,23:59
K1200,Node_1200,Other,0,00:00,23:59
K1201,Node_1201,Other,0,00:00,23:59
K1202,Node_1202,Other,0,00:00,23:59
K1203,Node_1203,Other,0,00:00,23:59
K1204,Node_1204,Other,0,00:00,23:59
K1205,Node_1205,Other,0,00:00,23:59
K1206,Node_1206,Other,0,00:00,23:59
K1207,Node_1207,Other,0,00:00,23:59
K1208,Node_1208,Other,0,00:00,23:59
K1209,Node_1209,Other,0,00:00,23:59
K1210,Node_1210,Other,0,00:00,23:59
K1211,Node_1211,Other,0,00:00,23:59
K1212,Node_1212,Other,0,00:00,23:59
K1213,Node_1213,Other,0,00:00,23:59
K1214,Node_1214,Other,0,00:00,23:59
K1215,Node_1215,Other,0,00:00,23:59
K1216,Node_1216,Other,0,00:00,23:59
K1217,Node_1217,Other,0,00:00,23:59
K1218,Node_1218,Other,0,00:00,23:59
K1219,Node_1219,Other,0,00:00,23:59
K1220,Node_1220,Other,0,00:00,23:59
K1221,Node_1221,Other,0,00:00,23:59
K1222,Node_1222,Other,0,00:00,23:59
K1223,Node_1223,Other,0,00:00,23:59
K1224,Node_1224,Other,0,00:00,23:59
K1225,Node_1225,Other,0,00:00,23:59
K1226,Node_1226,Other,0,00:00,23:59
K1227,Node_1227,Other,0,00:00,23:59
K1228,Node_1228,Other,0,00:00,23:59
K1229,Node_1229,Other,0,00:00,23:59
K1230,Node_1230,Other,0,00:00,23:59
K1231,Node_1231,Other,0,00:00,23:59
K1232,Node_1232,Other,0,00:00,23:59
K1233,Node_1233,Other,0,00:00,23:59
K1234,Node_1234,Other,0,00:00,23:59
K1235,Node_1235,Other,0,00:00,23:59
K1236,Node_1236,Other,0,00:00,23:59
K1237,Node_1237,Other,0,00:00,23:59
K1238,Node_1238,Other,0,00:00,23:59
K1239,Node_1239,Other,0,00:00,23:59
K1240,Node_1240,Other,0,00:00,23:59
K1241,Node_1241,Other,0,00:00,23:59
K1242,Node_1242,Other,0,00:00,23:59
K1243,Node_1243,Other,0,00:00,23:59
K1244,Node_1244,Other,0,00:00,23:59
K1245,Node_1245,Other,0,00:00,23:59
K1246,Node_1246,Other,0,00:00,23:59
K1247,Node_1247,Other,0,00:00,23:59
K1248,Node_1248,Other,0,00:00,23:59
K1249,Node_1249,Other,0,00:00,23:59
K1250,Node_1250,Other,0,00:00,23:59
K1251,Node_1251,Other,0,00:00,23:59
K1252,Node_1252,Other,0,00:00,23:59
K1253,Node_1253,Other,0,00:00,23:59
K1254,Node_1254,Other,0,00:00,23:59
K1255,Node_1255,Other,0,00:00,23:59
K1256,Node_1256,Other,0,00:00,23:59
K1257,Node_1257,Other,0,00:00,23:59
K1258,Node_1258,Other,0,00:00,23:59
K1259,Node_1259,Other,0,00:00,23:59
K1260,Node_1260,Other,0,00:00,23:59
K1261,Node_1261,Other,0,00:00,23:59
K1262,Node_1262,Other,0,00:00,23:59
K1263,Node_1263,Other,0,00:00,23:59
K1264,Node_1264,Other,0,00:00,23:59
K1265,Node_1265,Other,0,00:00,23:59
K1266,Node_1266,Other,0,00:00,23:59
K1267,Node_1267,Other,0,00:00,23:59
K1268,Node_1268,Other,0,00:00,23:59
K1269,Node_1269,Other,0,00:00,23:59
K1270,Node_1270,Other,0,00:00,23:59
K1271,Node_1271,Other,0,00:00,23:59
K1272,Node_1272,Other,0,00:00,23:59
K1273,Node_1273,Other,0,00:00,23:59
K1274,Node_1274,Other,0,00:00,23:59
K1275,Node_1275,Other,0,00:00,23:59
K1276,Node_1276,Other,0,00:00,23:59
K1277,Node_1277,Other,0,00:00,23:59
K1278,Node_1278,Other,0,00:00,23:59
K1279,Node_1279,Other,0,00:00,23:59
K1280,Node_1280,Other,0,00:00,23:59
K1281,Node_1281,Other,0,00:00,23:59
K1282,Node_1282,Other,0,00:00,23:59
K1283,Node_1283,Other,0,00:00,23:59
K1284,Node_1284,Other,0,00:00,23:59
K1285,Node_1285,Other,0,00:00,23:59
K1286,Node_1286,Other,0,00:00,23:59
K1287,Node_1287,Other,0,00:00,23:59
K1288,Node_1288,Other,0,00:00,23:59
K1289,Node_1289,Other,0,00:00,23:59
K1290,Node_1290,Other,0,00:00,23:59
K1291,Node_1291,Other,0,00:00,23:59
K1292,Node_1292,Other,0,00:00,23:59
K1293,Node_1293,Other,0,00:00,23:59
K1294,Node_1294,Other,0,00:00,23:59
K1295,Node_1295,Other,0,00:00,23:59
K1296,Node_1296,Other,0,00:00,23:59
K1297,Node_1297,Other,0,00:00,23:59
K1298,Node_1298,Other,0,00:00,23:59
K1299,Node_1299,Other,0,00:00,23:59
K1300,Node_1300,Other,0,00:00,23:59
K1301,Node_1301,Other,0,00:00,23:59
K1302,Node_1302,Other,0,00:00,23:59
K1303,Node_1303,Other,0,00:00,23:59
K1304,Node_1304,Other,0,00:00,23:59
K1305,Node_1305,Other,0,00:00,23:59
K1306,Node_1306,Other,0,00:00,23:59
K1307,Node_1307,Other,0,00:00,23:59
K1308,Node_1308,Other,0,00:00,23:59
K1309,Node_1309,Other,0,00:00,23:59
K1310,Node_1310,Other,0,00:00,23:59
K1311,Node_1311,Other,0,00:00,23:59
K1312,Node_1312,Other,0,00:00,23:59
K1313,Node_1313,Other,0,00:00,23:59
K1314,Node_1314,Other,0,00:00,23:59
K1315,Node_1315,Other,0,00:00,23:59
K1316,Node_1316,Other,0,00:00,23:59
K1317,Node_1317,Other,0,00:00,23:59
K1318,Node_1318,Other,0,00:00,23:59
K1319,Node_1319,Other,0,00:00,23:59
K1320,Node_1320,Other,0,00:00,23:59
K1321,Node_1321,Other,0,00:00,23:59
K1322,Node_1322,Other,0,00:00,23:59
K1323,Node_1323,Other,0,00:00,23:59
K1324,Node_1324,Other,0,00:00,23:59
K1325,Node_1325,Other,0,00:00,23:59
K1326,Node_1326,Other,0,00:00,23:59
K1327,Node_1327,Other,0,00:00,23:59
K1328,Node_1328,Other,0,00:00,23:59
K1329,Node_1329,Other,0,00:00,23:59
K1330,Node_1330,Other,0,00:00,23:59
K1331,Node_1331,Other,0,00:00,23:59
K1332,Node_1332,Other,0,00:00,23:59
K1333,Node_1333,Other,0,00:00,23:59
K1334,Node_1334,Other,0,00:00,23:59
K1335,Node_1335,Other,0,00:00,23:59
K1336,Node_1336,Other,0,00:00,23:59
K1337,Node_1337,Other,0,00:00,23:59
K1338,Node_1338,Other,0,00:00,23:59
K1339,Node_1339,Other,0,00:00,23:59
K1340,Node_1340,Other,0,00:00,23:59
K1341,Node_1341,Other,0,00:00,23:59
K1342,Node_1342,Other,0,00:00,23:59
K1343,Node_1343,Other,0,00:00,23:59
K1344,Node_1344,Other,0,00:00,23:59
K1345,Node_1345,Other,0,00:00,23:59
K1346,Node_1346,Other,0,00:00,23:59
K1347,Node_1347,Other,0,00:00,23:59
K1348,Node_1348,Other,0,00:00,23:59
K1349,Node_1349,Other,0,00:00,23:59
K1350,Node_1350,Other,0,00:00,23:59
K1351,Node_1351,Other,0,00:00,23:59
K1352,Node_1352,Other,0,00:00,23:59
K1353,Node_1353,Other,0,00:00,23:59
K1354,Node_1354,Other,0,00:00,23:59
K1355,Node_1355,Other,0,00:00,23:59
K1356,Node_1356,Other,0,00:00,23:59
K1357,Node_1357,Other,0,00:00,23:59
K1358,Node_1358,Other,0,00:00,23:59
K1359,Node_1359,Other,0,00:00,23:59
K1360,Node_1360,Other,0,00:00,23:59
K1361,Node_1361,Other,0,00:00,23:59
K1362,Node_1362,Other,0,00:00,23:59
K1363,Node_1363,Other,0,00:00,23:59
K1364,Node_1364,Other,0,00:00,23:59
K1365,Node_1365,Other,0,00:00,23:59
K1366,Node_1366,Other,0,00:00,23:59
K1367,Node_1367,Other,0,00:00,23:59
K1368,Node_1368,Other,0,00:00,23:59
K1369,Node_1369,Other,0,00:00,23:59
K1370,Node_1370,Other,0,00:00,23:59
K1371,Node_1371,Other,0,00:00,23:59
K1372,Node_1372,Other,0,00:00,23:59
K1373,Node_1373,Other,0,00:00,23:59
K1374,Node_1374,Other,0,00:00,23:59
K1375,Node_1375,Other,0,00:00,23:59
K1376,Node_1376,Other,0,00:00,23:59
K1377,Node_1377,Other,0,00:00,23:59
K1378,Node_1378,Other,0,00:00,23:59
K1379,Node_1379,Other,0,00:00,23:59
K1380,Node_1380,Other,0,00:00,23:59
K1381,Node_1381,Other,0,00:00,23:59
K1382,Node_1382,Other,0,00:00,23:59
K1383,Node_1383,Other,0,00:00,23:59
K1384,Node_1384,Other,0,00:00,23:59
K1385,Node_1385,Other,0,00:00,23:59
K1386,Node_1386,Other,0,00:00,23:59
K1387,Node_1387,Other,0,00:00,23:59
K1388,Node_1388,Other,0,00:00,23:59
K1389,Node_1389,Other,0,00:00,23:59
K1390,Node_1390,Other,0,00:00,23:59
K1391,Node_1391,Other,0,00:00,23:59
K1392,Node_1392,Other,0,00:00,23:59
K1393,Node_1393,Other,0,00:00,23:59
K1394,Node_1394,Other,0,00:00,23:59
K1395,Node_1395,Other,0,00:00,23:59
K1396,Node_1396,Other,0,00:00,23:59
K1397,Node_1397,Other,0,00:00,23:59
K1398,Node_1398,Other,0,00:00,23:59
K1399,Node_1399,Other,0,00:00,23:59
K1400,Node_1400,Other,0,00:00,23:59
K1401,Node_1401,Other,0,00:00,23:59
K1402,Node_1402,Other,0,00:00,23:59
K1403,Node_1403,Other,0,00:00,23:59
K1404,Node_1404,Other,0,00:00,23:59
K1405,Node_1405,Other,0,00:00,23:59
K1406,Node_1406,Other,0,00:00,23:59
K1407,Node_1407,Other,0,00:00,23:59
K1408,Node_1408,Other,0,00:00,23:59
K1409,Node_1409,Other,0,00:00,23:59
K1410,Node_1410,Other,0,00:00,23:59
K1411,Node_1411,Other,0,00:00,23:59
K1412,Node_1412,Other,0,00:00,23:59
K1413,Node_1413,Other,0,00:00,23:59
K1414,Node_1414,Other,0,00:00,23:59
K1415,Node_1415,Other,0,00:00,23:59
K1416,Node_1416,Other,0,00:00,23:59
K1417,Node_1417,Other,0,00:00,23:59
K1418,Node_1418,Other,0,00:00,23:59
K1419,Node_1419,Other,0,00:00,23:59
K1420,Node_1420,Other,0,00:00,23:59
K1421,Node_1421,Other,0,00:00,23:59
K1422,Node_1422,Other,0,00:00,23:59
K1423,Node_1423,Other,0,00:00,23:59
K1424,Node_1424,Other,0,00:00,23:59
K1425,Node_1425,Other,0,00:00,23:59
K1426,Node_1426,Other,0,00:00,23:59
K1427,Node_1427,Other,0,00:00,23:59
K1428,Node_1428,Other,0,00:00,23:59
K1429,Node_1429,Other,0,00:00,23:59
K1430,Node_1430,Other,0,00:00,23:59
K1431,Node_1431,Other,0,00:00,23:59
K1432,Node_1432,Other,0,00:00,23:59
K1433,Node_1433,Other,0,00:00,23:59
K1434,Node_1434,Other,0,00:00,23:59
K1435,Node_1435,Other,0,00:00,23:59
K1436,Node_1436,Other,0,00:00,23:59
K1437,Node_1437,Other,0,00:00,23:59
K1438,Node_1438,Other,0,00:00,23:59
K1439,Node_1439,Other,0,00:00,23:59
K1440,Node_1440,Other,0,00:00,23:59
K1441,Node_1441,Other,0,00:00,23:59
K1442,Node_1442,Other,0,00:00,23:59
K1443,Node_1443,Other,0,00:00,23:59
K1444,Node_1444,Other,0,00:00,23:59
K1445,Node_1445,Other,0,00:00,23:59
K1446,Node_1446,Other,0,00:00,23:59
K1447,Node_1447,Other,0,00:00,23:59
K1448,Node_1448,Other,0,00:00,23:59
K1449,Node_1449,Other,0,00:00,23:59
K1450,Node_1450,Other,0,00:00,23:59
K1451,Node_1451,Other,0,00:00,23:59
K1452,Node_1452,Other,0,00:00,23:59
K1453,Node_1453,Other,0,00:00,23:59
K1454,Node_1454,Other,0,00:00,23:59
K1455,Node_1455,Other,0,00:00,23:59
K1456,Node_1456,Other,0,00:00,23:59
K1457,Node_1457,Other,0,00:00,23:59
K1458,Node_1458,Other,0,00:00,23:59
K1459,Node_1459,Other,0,00:00,23:59
K1460,Node_1460,Other,0,00:00,23:59
K1461,Node_1461,Other,0,00:00,23:59
K1462,Node_1462,Other,0,00:00,23:59
K1463,Node_1463,Other,0,00:00,23:59
K1464,Node_1464,Other,0,00:00,23:59
K1465,Node_1465,Other,0,00:00,23:59
K1466,Node_1466,Other,0,00:00,23:59
K1467,Node_1467,Other,0,00:00,23:59
K1468,Node_1468,Other,0,00:00,23:59
K1469,Node_1469,Other,0,00:00,23:59
K1470,Node_1470,Other,0,00:00,23:59
K1471,Node_1471,Other,0,00:00,23:59
K1472,Node_1472,Other,0,00:00,23:59
K1473,Node_1473,Other,0,00:00,23:59
K1474,Node_1474,Other,0,00:00,23:59
K1475,Node_1475,Other,0,00:00,23:59
K1476,Node_1476,Other,0,00:00,23:59
K1477,Node_1477,Other,0,00:00,23:59
K1478,Node_1478,Other,0,00:00,23:59
K1479,Node_1479,Other,0,00:00,23:59
K1480,Node_1480,Other,0,00:00,23:59
K1481,Node_1481,Other,0,00:00,23:59
K1482,Node_1482,Other,0,00:00,23:59
K1483,Node_1483,Other,0,00:00,23:59
K1484,Node_1484,Other,0,00:00,23:59
K1485,Node_1485,Other,0,00:00,23:59
K1486,Node_1486,Other,0,00:00,23:59
K1487,Node_1487,Other,0,00:00,23:59
K1488,Node_1488,Other,0,00:00,23:59
K1489,Node_1489,Other,0,00:00,23:59
K1490,Node_1490,Other,0,00:00,23:59
K1491,Node_1491,Other,0,00:00,23:59
K1492,Node_1492,Other,0,00:00,23:59
K1493,Node_1493,Other,0,00:00,23:59
K1494,Node_1494,Other,0,00:00,23:59
K1495,Node_1495,Other,0,00:00,23:59
K1496,Node_1496,Other,0,00:00,23:59
K1497,Node_1497,Other,0,00:00,23:59
K1498,Node_1498,Other,0,00:00,23:59
K1499,Node_1499,Other,0,00:00,23:59
K1500,Node_1500,Other,0,00:00,23:59
K1501,Node_1501,Other,0,00:00,23:59
K1502,Node_1502,Other,0,00:00,23:59
K1503,Node_1503,Other,0,00:00,23:59
K1504,Node_1504,Other,0,00:00,23:59
K1505,Node_1505,Other,0,00:00,23:59
K1506,Node_1506,Other,0,00:00,23:59
K1507,Node_1507,Other,0,00:00,23:59
K1508,Node_1508,Other,0,00:00,23:59
K1509,Node_1509,Other,0,00:00,23:59
K1510,Node_1510,Other,0,00:00,23:59
K1511,Node_1511,Other,0,00:00,23:59
K1512,Node_1512,Other,0,00:00,23:59
K1513,Node_1513,Other,0,00:00,23:59
K1514,Node_1514,Other,0,00:00,23:59
K1515,Node_1515,Other,0,00:00,23:59
K1516,Node_1516,Other,0,00:00,23:59
K1517,Node_1517,Other,0,00:00,23:59
K1518,Node_1518,Other,0,00:00,23:59
K1519,Node_1519,Other,0,00:00,23:59
K1520,Node_1520,Other,0,00:00,23:59
K1521,Node_1521,Other,0,00:00,23:59
K1522,Node_1522,Other,0,00:00,23:59
K1523,Node_1523,Other,0,00:00,23:59
K1524,Node_1524,Other,0,00:00,23:59
K1525,Node_1525,Other,0,00:00,23:59
K1526,Node_1526,Other,0,00:00,23:59
K1527,Node_1527,Other,0,00:00,23:59
K1528,Node_1528,Other,0,00:00,23:59
K1529,Node_1529,Other,0,00:00,23:59
K1530,Node_1530,Other,0,00:00,23:59
K1531,Node_1531,Other,0,00:00,23:59
K1532,Node_1532,Other,0,00:00,23:59
K1533,Node_1533,Other,0,00:00,23:59
K1534,Node_1534,Other,0,00:00,23:59
K1535,Node_1535,Other,0,00:00,23:59
K1536,Node_1536,Other,0,00:00,23:59
K1537,Node_1537,Other,0,00:00,23:59
K1538,Node_1538,Other,0,00:00,23:59
K1539,Node_1539,Other,0,00:00,23:59
K1540,Node_1540,Other,0,00:00,23:59
K1541,Node_1541,Other,0,00:00,23:59
K1542,Node_1542,Other,0,00:00,23:59
K1543,Node_1543,Other,0,00:00,23:59
K1544,Node_1544,Other,0,00:00,23:59
K1545,Node_1545,Other,0,00:00,23:59
K1546,Node_1546,Other,0,00:00,23:59
K1547,Node_1547,Other,0,00:00,23:59
K1548,Node_1548,Other,0,00:00,23:59
K1549,Node_1549,Other,0,00:00,23:59
K1550,Node_1550,Other,0,00:00,23:59
K1551,Node_1551,Other,0,00:00,23:59
K1552,Node_1552,Other,0,00:00,23:59
K1553,Node_1553,Other,0,00:00,23:59
K1554,Node_1554,Other,0,00:00,23:59
K1555,Node_1555,Other,0,00:00,23:59
K1556,Node_1556,Other,0,00:00,23:59
K1557,Node_1557,Other,0,00:00,23:59
K1558,Node_1558,Other,0,00:00,23:59
K1559,Node_1559,Other,0,00:00,23:59
K1560,Node_1560,Other,0,00:00,23:59
K1561,Node_1561,Other,0,00:00,23:59
K1562,Node_1562,Other,0,00:00,23:59
K1563,Node_1563,Other,0,00:00,23:59
K1564,Node_1564,Other,0,00:00,23:59
K1565,Node_1565,Other,0,00:00,23:59
K1566,Node_1566,Other,0,00:00,23:59
K1567,Node_1567,Other,0,00:00,23:59
K1568,Node_1568,Other,0,00:00,23:59
K1569,Node_1569,Other,0,00:00,23:59
K1570,Node_1570,Other,0,00:00,23:59
K1571,Node_1571,Other,0,00:00,23:59
K1572,Node_1572,Other,0,00:00,23:59
K1573,Node_1573,Other,0,00:00,23:59
K1574,Node_1574,Other,0,00:00,23:59
K1575,Node_1575,Other,0,00:00,23:59
K1576,Node_1576,Other,0,00:00,23:59
K1577,Node_1577,Other,0,00:00,23:59
K1578,Node_1578,Other,0,00:00,23:59
K1579,Node_1579,Other,0,00:00,23:59
K1580,Node_1580,Other,0,00:00,23:59
K1581,Node_1581,Other,0,00:00,23:59
K1582,Node_1582,Other,0,00:00,23:59
K1583,Node_1583,Other,0,00:00,23:59
K1584,Node_1584,Other,0,00:00,23:59
K1585,Node_1585,Other,0,00:00,23:59
K1586,Node_1586,Other,0,00:00,23:59
K1587,Node_1587,Other,0,00:00,23:59
K1588,Node_1588,Other,0,00:00,23:59
K1589,Node_1589,Other,0,00:00,23:59
K1590,Node_1590,Other,0,00:00,23:59
K1591,Node_1591,Other,0,00:00,23:59
K1592,Node_1592,Other,0,00:00,23:59
K1593,Node_1593,Other,0,00:00,23:59
K1594,Node_1594,Other,0,00:00,23:59
K1595,Node_1595,Other,0,00:00,23:59
K1596,Node_1596,Other,0,00:00,23:59
K1597,Node_1597,Other,0,00:00,23:59
K1598,Node_1598,Other,0,00:00,23:59
K1599,Node_1599,Other,0,00:00,23:59
K1600,Node_1600,Other,0,00:00,23:59
K1601,Node_1601,Other,0,00:00,23:59
K1602,Node_1602,Other,0,00:00,23:59
K1603,Node_1603,Other,0,00:00,23:59
K1604,Node_1604,Other,0,00:00,23:59
K1605,Node_1605,Other,0,00:00,23:59
K1606,Node_1606,Other,0,00:00,23:59
K1607,Node_1607,Other,0,00:00,23:59
K1608,Node_1608,Other,0,00:00,23:59
K1609,Node_1609,Other,0,00:00,23:59
K1610,Node_1610,Other,0,00:00,23:59
K1611,Node_1611,Other,0,00:00,23:59
K1612,Node_1612,Other,0,00:00,23:59
K1613,Node_1613,Other,0,00:00,23:59
K1614,Node_1614,Other,0,00:00,23:59
K1615,Node_1615,Other,0,00:00,23:59
K1616,Node_1616,Other,0,00:00,23:59
K1617,Node_1617,Other,0,00:00,23:59
K1618,Node_1618,Other,0,00:00,23:59
K1619,Node_1619,Other,0,00:00,23:59
K1620,Node_1620,Other,0,00:00,23:59
K1621,Node_1621,Other,0,00:00,23:59
K1622,Node_1622,Other,0,00:00,23:59
K1623,Node_1623,Other,0,00:00,23:59
K1624,Node_1624,Other,0,00:00,23:59
K1625,Node_1625,Other,0,00:00,23:59
K1626,Node_1626,Other,0,00:00,23:59
K1627,Node_1627,Other,0,00:00,23:59
K1628,Node_1628,Other,0,00:00,23:59
K1629,Node_1629,Other,0,00:00,23:59
K1630,Node_1630,Other,0,00:00,23:59
K1631,Node_1631,Other,0,00:00,23:59
K1632,Node_1632,Other,0,00:00,23:59
K1633,Node_1633,Other,0,00:00,23:59
K1634,Node_1634,Other,0,00:00,23:59
K1635,Node_1635,Other,0,00:00,23:59
K1636,Node_1636,Other,0,00:00,23:59
K1637,Node_1637,Other,0,00:00,23:59
K1638,Node_1638,Other,0,00:00,23:59
K1639,Node_1639,Other,0,00:00,23:59
K1640,Node_1640,Other,0,00:00,23:59
K1641,Node_1641,Other,0,00:00,23:59
K1642,Node_1642,Other,0,00:00,23:59
K1643,Node_1643,Other,0,00:00,23:59
K1644,Node_1644,Other,0,00:00,23:59
K1645,Node_1645,Other,0,00:00,23:59
K1646,Node_1646,Other,0,00:00,23:59
K1647,Node_1647,Other,0,00:00,23:59
K1648,Node_1648,Other,0,00:00,23:59
K1649,Node_1649,Other,0,00:00,23:59
K1650,Node_1650,Other,0,00:00,23:59
K1651,Node_1651,Other,0,00:00,23:59
K1652,Node_1652,Other,0,00:00,23:59
K1653,Node_1653,Other,0,00:00,23:59
K1654,Node_1654,Other,0,00:00,23:59
K1655,Node_1655,Other,0,00:00,23:59
K1656,Node_1656,Other,0,00:00,23:59
K1657,Node_1657,Other,0,00:00,23:59
K1658,Node_1658,Other,0,00:00,23:59
K1659,Node_1659,Other,0,00:00,23:59
K1660,Node_1660,Other,0,00:00,23:59
K1661,Node_1661,Other,0,00:00,23:59
K1662,Node_1662,Other,0,00:00,23:59
K1663,Node_1663,Other,0,00:00,23:59
K1664,Node_1664,Other,0,00:00,23:59
K1665,Node_1665,Other,0,00:00,23:59
K1666,Node_1666,Other,0,00:00,23:59
K1667,Node_1667,Other,0,00:00,23:59
K1668,Node_1668,Other,0,00:00,23:59
K1669,Node_1669,Other,0,00:00,23:59
K1670,Node_1670,Other,0,00:00,23:59
K1671,Node_1671,Other,0,00:00,23:59
K1672,Node_1672,Other,0,00:00,23:59
K1673,Node_1673,Other,0,00:00,23:59
K1674,Node_1674,Other,0,00:00,23:59
K1675,Node_1675,Other,0,00:00,23:59
K1676,Node_1676,Other,0,00:00,23:59
K1677,Node_1677,Other,0,00:00,23:59
K1678,Node_1678,Other,0,00:00,23:59
K1679,Node_1679,Other,0,00:00,23:59
K1680,Node_1680,Other,0,00:00,23:59
K1681,Node_1681,Other,0,00:00,23:59
K1682,Node_1682,Other,0,00:00,23:59
K1683,Node_1683,Other,0,00:00,23:59
K1684,Node_1684,Other,0,00:00,23:59
K1685,Node_1685,Other,0,00:00,23:59
K1686,Node_1686,Other,0,00:00,23:59
K1687,Node_1687,Other,0,00:00,23:59
K1688,Node_1688,Other,0,00:00,23:59
K1689,Node_1689,Other,0,00:00,23:59
K1690,Node_1690,Other,0,00:00,23:59
K1691,Node_1691,Other,0,00:00,23:59
K1692,Node_1692,Other,0,00:00,23:59
K1693,Node_1693,Other,0,00:00,23:59
K1694,Node_1694,Other,0,00:00,23:59
K1695,Node_1695,Other,0,00:00,23:59
K1696,Node_1696,Other,0,00:00,23:59
K1697,Node_1697,Other,0,00:00,23:59
K1698,Node_1698,Other,0,00:00,23:59
K1699,Node_1699,Other,0,00:00,23:59
K1700,Node_1700,Other,0,00:00,23:59
K1701,Node_1701,Other,0,00:00,23:59
K1702,Node_1702,Other,0,00:00,23:59
K1703,Node_1703,Other,0,00:00,23:59
K1704,Node_1704,Other,0,00:00,23:59
K1705,Node_1705,Other,0,00:00,23:59
K1706,Node_1706,Other,0,00:00,23:59
K1707,Node_1707,Other,0,00:00,23:59
K1708,Node_1708,Other,0,00:00,23:59
K1709,Node_1709,Other,0,00:00,23:59
K1710,Node_1710,Other,0,00:00,23:59
K1711,Node_1711,Other,0,00:00,23:59
K1712,Node_1712,Other,0,00:00,23:59
K1713,Node_1713,Other,0,00:00,23:59
K1714,Node_1714,Other,0,00:00,23:59
K1715,Node_1715,Other,0,00:00,23:59
K1716,Node_1716,Other,0,00:00,23:59
K1717,Node_1717,Other,0,00:00,23:59
K1718,Node_1718,Other,0,00:00,23:59
K1719,Node_1719,Other,0,00:00,23:59
K1720,Node_1720,Other,0,00:00,23:59
K1721,Node_1721,Other,0,00:00,23:59
K1722,Node_1722,Other,0,00:00,23:59
K1723,Node_1723,Other,0,00:00,23:59
K1724,Node_1724,Other,0,00:00,23:59
K1725,Node_1725,Other,0,00:00,23:59
K1726,Node_1726,Other,0,00:00,23:59
K1727,Node_1727,Other,0,00:00,23:59
K1728,Node_1728,Other,0,00:00,23:59
K1729,Node_1729,Other,0,00:00,23:59
K1730,Node_1730,Other,0,00:00,23:59
K1731,Node_1731,Other,0,00:00,23:59
K1732,Node_1732,Other,0,00:00,23:59
K1733,Node_1733,Other,0,00:00,23:59
K1734,Node_1734,Other,0,00:00,23:59
K1735,Node_1735,Other,0,00:00,23:59
K1736,Node_1736,Other,0,00:00,23:59
K1737,Node_1737,Other,0,00:00,23:59
K1738,Node_1738,Other,0,00:00,23:59
K1739,Node_1739,Other,0,00:00,23:59
K1740,Node_1740,Other,0,00:00,23:59
K1741,Node_1741,Other,0,00:00,23:59
K1742,Node_1742,Other,0,00:00,23:59
K1743,Node_1743,Other,0,00:00,23:59
K1744,Node_1744,Other,0,00:00,23:59
K1745,Node_1745,Other,0,00:00,23:59
K1746,Node_1746,Other,0,00:00,23:59
K1747,Node_1747,Other,0,00:00,23:59
K1748,Node_1748,Other,0,00:00,23:59
K1749,Node_1749,Other,0,00:00,23:59
K1750,Node_1750,Other,0,00:00,23:59
K1751,Node_1751,Other,0,00:00,23:59
K1752,Node_1752,Other,0,00:00,23:59
K1753,Node_1753,Other,0,00:00,23:59
K1754,Node_1754,Other,0,00:00,23:59
K1755,Node_1755,Other,0,00:00,23:59
K1756,Node_1756,Other,0,00:00,23:59
K1757,Node_1757,Other,0,00:00,23:59
K1758,Node_1758,Other,0,00:00,23:59
K1759,Node_1759,Other,0,00:00,23:59
K1760,Node_1760,Other,0,00:00,23:59
K1761,Node_1761,Other,0,00:00,23:59
K1762,Node_1762,Other,0,00:00,23:59
K1763,Node_1763,Other,0,00:00,23:59
K1764,Node_1764,Other,0,00:00,23:59
K1765,Node_1765,Other,0,00:00,23:59
K1766,Node_1766,Other,0,00:00,23:59
K1767,Node_1767,Other,0,00:00,23:59
K1768,Node_1768,Other,0,00:00,23:59
K1769,Node_1769,Other,0,00:00,23:59
K1770,Node_1770,Other,0,00:00,23:59
K1771,Node_1771,Other,0,00:00,23:59
K1772,Node_1772,Other,0,00:00,23:59
K1773,Node_1773,Other,0,00:00,23:59
K1774,Node_1774,Other,0,00:00,23:59
K1775,Node_1775,Other,0,00:00,23:59
K1776,Node_1776,Other,0,00:00,23:59
K1777,Node_1777,Other,0,00:00,23:59
K1778,Node_1778,Other,0,00:00,23:59
K1779,Node_1779,Other,0,00:00,23:59
K1780,Node_1780,Other,0,00:00,23:59
K1781,Node_1781,Other,0,00:00,23:59
K1782,Node_1782,Other,0,00:00,23:59
K1783,Node_1783,Other,0,00:00,23:59
K1784,Node_1784,Other,0,00:00,23:59
K1785,Node_1785,Other,0,00:00,23:59
K1786,Node_1786,Other,0,00:00,23:59
K1787,Node_1787,Other,0,00:00,23:59
K1788,Node_1788,Other,0,00:00,23:59
K1789,Node_1789,Other,0,00:00,23:59
K1790,Node_1790,Other,0,00:00,23:59
K1791,Node_1791,Other,0,00:00,23:59
K1792,Node_1792,Other,0,00:00,23:59
K1793,Node_1793,Other,0,00:00,23:59
K1794,Node_1794,Other,0,00:00,23:59
K1795,Node_1795,Other,0,00:00,23:59
K1796,Node_1796,Other,0,00:00,23:59
K1797,Node_1797,Other,0,00:00,23:59
K1798,Node_1798,Other,0,00:00,23:59
K1799,Node_1799,Other,0,00:00,23:59
K1800,Node_1800,Other,0,00:00,23:59
K1801,Node_1801,Other,0,00:00,23:59
K1802,Node_1802,Other,0,00:00,23:59
K1803,Node_1803,Other,0,00:00,23:59
K1804,Node_1804,Other,0,00:00,23:59
K1805,Node_1805,Other,0,00:00,23:59
K1806,Node_1806,Other,0,00:00,23:59
K1807,Node_1807,Other,0,00:00,23:59
K1808,Node_1808,Other,0,00:00,23:59
K1809,Node_1809,Other,0,00:00,23:59
K1810,Node_1810,Other,0,00:00,23:59
K1811,Node_1811,Other,0,00:00,23:59
K1812,Node_1812,Other,0,00:00,23:59
K1813,Node_1813,Other,0,00:00,23:59
K1814,Node_1814,Other,0,00:00,23:59
K1815,Node_1815,Other,0,00:00,23:59
K1816,Node_1816,Other,0,00:00,23:59
K1817,Node_1817,Other,0,00:00,23:59
K1818,Node_1818,Other,0,00:00,23:59
K1819,Node_1819,Other,0,00:00,23:59
K1820,Node_1820,Other,0,00:00,23:59
K1821,Node_1821,Other,0,00:00,23:59
K1822,Node_1822,Other,0,00:00,23:59
K1823,Node_1823,Other,0,00:00,23:59
K1824,Node_1824,Other,0,00:00,23:59
K1825,Node_1825,Other,0,00:00,23:59
K1826,Node_1826,Other,0,00:00,23:59
K1827,Node_1827,Other,0,00:00,23:59
K1828,Node_1828,Other,0,00:00,23:59
K1829,Node_1829,Other,0,00:00,23:59
K1830,Node_1830,Other,0,00:00,23:59
K1831,Node_1831,Other,0,00:00,23:59
K1832,Node_1832,Other,0,00:00,23:59
K1833,Node_1833,Other,0,00:00,23:59
K1834,Node_1834,Other,0,00:00,23:59
K1835,Node_1835,Other,0,00:00,23:59
K1836,Node_1836,Other,0,00:00,23:59
K1837,Node_1837,Other,0,00:00,23:59
K1838,Node_1838,Other,0,00:00,23:59
K1839,Node_1839,Other,0,00:00,23:59
K1840,Node_1840,Other,0,00:00,23:59
K1841,Node_1841,Other,0,00:00,23:59
K1842,Node_1842,Other,0,00:00,23:59
K1843,Node_1843,Other,0,00:00,23:59
K1844,Node_1844,Other,0,00:00,23:59
K1845,Node_1845,Other,0,00:00,23:59
K1846,Node_1846,Other,0,00:00,23:59
K1847,Node_1847,Other,0,00:00,23:59
K1848,Node_1848,Other,0,00:00,23:59
K1849,Node_1849,Other,0,00:00,23:59
K1850,Node_1850,Other,0,00:00,23:59
K1851,Node_1851,Other,0,00:00,23:59
K1852,Node_1852,Other,0,00:00,23:59
K1853,Node_1853,Other,0,00:00,23:59
K1854,Node_1854,Other,0,00:00,23:59
K1855,Node_1855,Other,0,00:00,23:59
K1856,Node_1856,Other,0,00:00,23:59
K1857,Node_1857,Other,0,00:00,23:59
K1858,Node_1858,Other,0,00:00,23:59
K1859,Node_1859,Other,0,00:00,23:59
K1860,Node_1860,Other,0,00:00,23:59
K1861,Node_1861,Other,0,00:00,23:59
K1862,Node_1862,Other,0,00:00,23:59
K1863,Node_1863,Other,0,00:00,23:59
K1864,Node_1864,Other,0,00:00,23:59
K1865,Node_1865,Other,0,00:00,23:59
K1866,Node_1866,Other,0,00:00,23:59
K1867,Node_1867,Other,0,00:00,23:59
K1868,Node_1868,Other,0,00:00,23:59
K1869,Node_1869,Other,0,00:00,23:59
K1870,Node_1870,Other,0,00:00,23:59
K1871,Node_1871,Other,0,00:00,23:59
K1872,Node_1872,Other,0,00:00,23:59
K1873,Node_1873,Other,0,00:00,23:59
K1874,Node_1874,Other,0,00:00,23:59
K1875,Node_1875,Other,0,00:00,23:59
K1876,Node_1876,Other,0,00:00,23:59
K1877,Node_1877,Other,0,00:00,23:59
K1878,Node_1878,Other,0,00:00,23:59
K1879,Node_1879,Other,0,00:00,23:59
K1880,Node_1880,Other,0,00:00,23:59
K1881,Node_1881,Other,0,00:00,23:59
K1882,Node_1882,Other,0,00:00,23:59
K1883,Node_1883,Other,0,00:00,23:59
K1884,Node_1884,Other,0,00:00,23:59
K1885,Node_1885,Other,0,00:00,23:59
K1886,Node_1886,Other,0,00:00,23:59
K1887,Node_1887,Other,0,00:00,23:59
K1888,Node_1888,Other,0,00:00,23:59
K1889,Node_1889,Other,0,00:00,23:59
K1890,Node_1890,Other,0,00:00,23:59
K1891,Node_1891,Other,0,00:00,23:59
K1892,Node_1892,Other,0,00:00,23:59
K1893,Node_1893,Other,0,00:00,23:59
K1894,Node_1894,Other,0,00:00,23:59
K1895,Node_1895,Other,0,00:00,23:59
K1896,Node_1896,Other,0,00:00,23:59
K1897,Node_1897,Other,0,00:00,23:59
K1898,Node_1898,Other,0,00:00,23:59
K1899,Node_1899,Other,0,00:00,23:59
K1900,Node_1900,Other,0,00:00,23:59
K1901,Node_1901,Other,0,00:00,23:59
K1902,Node_1902,Other,0,00:00,23:59
K1903,Node_1903,Other,0,00:00,23:59
K1904,Node_1904,Other,0,00:00,23:59
K1905,Node_1905,Other,0,00:00,23:59
K1906,Node_1906,Other,0,00:00,23:59
K1907,Node_1907,Other,0,00:00,23:59
K1908,Node_1908,Other,0,00:00,23:59
K1909,Node_1909,Other,0,00:00,23:59
K1910,Node_1910,Other,0,00:00,23:59
K1911,Node_1911,Other,0,00:00,23:59
K1912,Node_1912,Other,0,00:00,23:59
K1913,Node_1913,Other,0,00:00,23:59
K1914,Node_1914,Other,0,00:00,23:59
K1915,Node_1915,Other,0,00:00,23:59
K1916,Node_1916,Other,0,00:00,23:59
K1917,Node_1917,Other,0,00:00,23:59
K1918,Node_1918,Other,0,00:00,23:59
K1919,Node_1919,Other,0,00:00,23:59
K1920,Node_1920,Other,0,00:00,23:59
K1921,Node_1921,Other,0,00:00,23:59
K1922,Node_1922,Other,0,00:00,23:59
K1923,Node_1923,Other,0,00:00,23:59
K1924,Node_1924,Other,0,00:00,23:59
K1925,Node_1925,Other,0,00:00,23:59
K1926,Node_1926,Other,0,00:00,23:59
K1927,Node_1927,Other,0,00:00,23:59
K1928,Node_1928,Other,0,00:00,23:59
K1929,Node_1929,Other,0,00:00,23:59
K1930,Node_1930,Other,0,00:00,23:59
K1931,Node_1931,Other,0,00:00,23:59
K1932,Node_1932,Other,0,00:00,23:59
K1933,Node_1933,Other,0,00:00,23:59
K1934,Node_1934,Other,0,00:00,23:59
K1935,Node_1935,Other,0,00:00,23:59
K1936,Node_1936,Other,0,00:00,23:59
K1937,Node_1937,Other,0,00:00,23:59
K1938,Node_1938,Other,0,00:00,23:59
K1939,Node_1939,Other,0,00:00,23:59
K1940,Node_1940,Other,0,00:00,23:59
K1941,Node_1941,Other,0,00:00,23:59
K1942,Node_1942,Other,0,00:00,23:59
K1943,Node_1943,Other,0,00:00,23:59
K1944,Node_1944,Other,0,00:00,23:59
K1945,Node_1945,Other,0,00:00,23:59
K1946,Node_1946,Other,0,00:00,23:59
K1947,Node_1947,Other,0,00:00,23:59
K1948,Node_1948,Other,0,00:00,23:59
K1949,Node_1949,Other,0,00:00,23:59
K1950,Node_1950,Other,0,00:00,23:59
K1951,Node_1951,Other,0,00:00,23:59
K1952,Node_1952,Other,0,00:00,23:59
K1953,Node_1953,Other,0,00:00,23:59
K1954,Node_1954,Other,0,00:00,23:59
K1955,Node_1955,Other,0,00:00,23:59
K1956,Node_1956,Other,0,00:00,23:59
K1957,Node_1957,Other,0,00:00,23:59
K1958,Node_1958,Other,0,00:00,23:59
K1959,Node_1959,Other,0,00:00,23:59
K1960,Node_1960,Other,0,00:00,23:59
K1961,Node_1961,Other,0,00:00,23:59
K1962,Node_1962,Other,0,00:00,23:59
K1963,Node_1963,Other,0,00:00,23:59
K1964,Node_1964,Other,0,00:00,23:59
K1965,Node_1965,Other,0,00:00,23:59
K1966,Node_1966,Other,0,00:00,23:59
K1967,Node_1967,Other,0,00:00,23:59
K1968,Node_1968,Other,0,00:00,23:59
K1969,Node_1969,Other,0,00:00,23:59
K1970,Node_1970,Other,0,00:00,23:59
K1971,Node_1971,Other,0,00:00,23:59
K1972,Node_1972,Other,0,00:00,23:59
K1973,Node_1973,Other,0,00:00,23:59
K1974,Node_1974,Other,0,00:00,23:59
K1975,Node_1975,Other,0,00:00,23:59
K1976,Node_1976,Other,0,00:00,23:59
K1977,Node_1977,Other,0,00:00,23:59
K1978,Node_1978,Other,0,00:00,23:59
K1979,Node_1979,Other,0,00:00,23:59
K1980,Node_1980,Other,0,00:00,23:59
K1981,Node_1981,Other,0,00:00,23:59
K1982,Node_1982,Other,0,00:00,23:59
K1983,Node_1983,Other,0,00:00,23:59
K1984,Node_1984,Other,0,00:00,23:59
K1985,Node_1985,Other,0,00:00,23:59
K1986,Node_1986,Other,0,00:00,23:59
K1987,Node_1987,Other,0,00:00,23:59
K1988,Node_1988,Other,0,00:00,23:59
K1989,Node_1989,Other,0,00:00,23:59
K1990,Node_1990,Other,0,00:00,23:59
K1991,Node_1991,Other,0,00:00,23:59
K1992,Node_1992,Other,0,00:00,23:59
K1993,Node_1993,Other,0,00:00,23:59
K1994,Node_1994,Other,0,00:00,23:59
K1995,Node_1995,Other,0,00:00,23:59
K1996,Node_1996,Other,0,00:00,23:59
K1997,Node_1997,Other,0,00:00,23:59
K1998,Node_1998,Other,0,00:00,23:59
K1999,Node_1999,Other,0,00:00,23:59
K2000,Node_2000,Other,0,00:00,23:59
