from_id,to_id,distance,walk_time,status
G0001,G0002,6,4,open
G0001,G0033,19,5,open
G0002,G0003,12,3,open
G0002,G0034,6,3,open
G0003,G0004,3,3,open
G0003,G0035,1,4,open
G0004,G0005,2,2,open
G0004,G0036,19,2,open
G0005,G0006,8,2,open
G0005,G0037,7,3,open
G0006,G0007,14,5,open
G0006,G0038,1,1,open
G0007,G0008,16,2,open
G0007,G0039,6,5,open
G0008,G0009,1,2,open
G0008,G0040,9,5,open
G0009,G0010,10,3,open
G0009,G0041,14,4,open
G0010,G0011,12,4,open
G0010,G0042,9,2,open
G0011,G0012,15,3,open
G0011,G0043,17,5,open
G0012,G0013,13,5,open
G0012,G0044,4,1,open
G0013,G0014,17,3,open
G0013,G0045,18,5,open
G0014,G0015,20,3,open
G0014,G0046,10,1,open
G0015,G0016,16,1,open
G0015,G0047,11,3,open
G0016,G0017,11,3,open
G0016,G0048,9,3,open
G0017,G0018,7,2,open
G0017,G0049,17,2,open
G0018,G0019,2,5,open
G0018,G0050,13,3,open
G0019,G0020,5,1,open
G0019,G0051,16,3,open
G0020,G0021,9,4,open
G0020,G0052,13,4,open
G0021,G0022,2,5,open
G0021,G0053,19,2,open
G0022,G0023,11,2,open
G0022,G0054,18,4,open
G0023,G0024,12,5,open
G0023,G0055,10,2,open
G0024,G0025,18,2,open
G0024,G0056,10,1,open
G0025,G0026,16,2,open
G0025,G0057,9,5,open
G0026,G0027,6,3,open
G0026,G0058,3,2,open
G0027,G0028,12,2,open
G0027,G0059,10,4,open
G0028,G0029,11,3,open
G0028,G0060,9,5,open
G0029,G0030,10,4,open
G0029,G0061,4,4,open
G0030,G0031,2,5,open
G0030,G0062,19,5,open
G0031,G0032,3,4,open
G0031,G0063,7,5,open
G0032,G0064,4,4,open
G0033,G0034,17,3,open
G0033,G0065,14,1,open
G0034,G0035,5,2,open
G0034,G0066,7,3,open
G0035,G0036,14,5,open
G0035,G0067,15,2,open
G0036,G0037,11,2,open
G0036,G0068,3,4,open
G0037,G0038,11,2,open
G0037,G0069,11,1,open
G0038,G0039,1,4,open
G0038,G0070,9,2,open
G0039,G0040,6,5,open
G0039,G0071,6,4,open
G0040,G0041,3,2,open
G0040,G0072,20,4,open
G0041,G0042,14,4,open
G0041,G0073,14,4,open
G0042,G0043,13,1,open
G0042,G0074,2,5,open
G0043,G0044,7,3,open
G0043,G0075,1,3,open
G0044,G0045,17,2,open
G0044,G0076,1,1,open
G0045,G0046,8,2,open
G0045,G0077,12,3,open
G0046,G0047,5,1,open
G0046,G0078,13,5,open
G0047,G0048,19,3,open
G0047,G0079,6,1,open
G0048,G0049,2,3,open
G0048,G0080,10,4,open
G0049,G0050,17,5,open
G0049,G0081,17,3,open
G0050,G0051,14,2,open
G0050,G0082,11,4,open
G0051,G0052,12,2,open
G0051,G0083,6,4,open
G0052,G0053,1,2,open
G0052,G0084,8,2,open
G0053,G0054,7,1,open
G0053,G0085,19,5,open
G0054,G0055,6,1,open
G0054,G0086,12,1,open
G0055,G0056,13,3,open
G0055,G0087,18,5,open
G0056,G0057,2,5,open
G0056,G0088,2,1,open
G0057,G0058,1,1,open
G0057,G0089,4,4,open
G0058,G0059,15,4,open
G0058,G0090,4,5,open
G0059,G0060,9,4,open
G0059,G0091,5,2,open
G0060,G0061,1,3,open
G0060,G0092,14,1,open
G0061,G0062,17,3,open
G0061,G0093,20,5,open
G0062,G0063,5,4,open
G0062,G0094,4,5,open
G0063,G0064,20,1,open
G0063,G0095,10,1,open
G0064,G0096,4,4,open
G0065,G0066,7,5,open
G0065,G0097,7,3,open
G0066,G0067,17,2,open
G0066,G0098,12,4,open
G0067,G0068,10,2,open
G0067,G0099,2,5,open
G0068,G0069,16,2,open
G0068,G0100,16,3,open
G0069,G0070,8,1,open
G0069,G0101,1,1,open
G0070,G0071,4,5,open
G0070,G0102,16,2,open
G0071,G0072,3,5,open
G0071,G0103,3,1,open
G0072,G0073,9,2,open
G0072,G0104,15,3,open
G0073,G0074,9,4,open
G0073,G0105,2,1,open
G0074,G0075,6,1,open
G0074,G0106,10,3,open
G0075,G0076,11,4,open
G0075,G0107,4,1,open
G0076,G0077,2,1,open
G0076,G0108,5,2,open
G0077,G0078,11,3,open
G0077,G0109,15,5,open
G0078,G0079,9,1,open
G0078,G0110,12,3,open
G0079,G0080,6,1,open
G0079,G0111,13,4,open
G0080,G0081,15,3,open
G0080,G0112,13,4,open
G0081,G0082,14,2,open
G0081,G0113,4,2,open
G0082,G0083,2,2,open
G0082,G0114,4,4,open
G0083,G0084,19,4,open
G0083,G0115,19,4,open
G0084,G0085,6,5,open
G0084,G0116,13,3,open
G0085,G0086,20,1,open
G0085,G0117,5,4,open
G0086,G0087,16,1,open
G0086,G0118,14,4,open
G0087,G0088,2,1,open
G0087,G0119,9,3,open
G0088,G0089,1,5,open
G0088,G0120,19,5,open
G0089,G0090,8,3,open
G0089,G0121,17,5,open
G0090,G0091,20,1,open
G0090,G0122,14,2,open
G0091,G0092,16,3,open
G0091,G0123,13,2,open
G0092,G0093,18,5,open
G0092,G0124,2,1,open
G0093,G0094,6,5,open
G0093,G0125,16,4,open
G0094,G0095,6,1,open
G0094,G0126,16,3,open
G0095,G0096,8,3,open
G0095,G0127,9,1,open
G0096,G0128,17,2,open
G0097,G0098,18,4,open
G0097,G0129,13,2,open
G0098,G0099,3,4,open
G0098,G0130,15,5,open
G0099,G0100,15,1,open
G0099,G0131,16,4,open
G0100,G0101,11,1,open
G0100,G0132,16,1,open
G0101,G0102,4,4,open
G0101,G0133,14,1,open
G0102,G0103,18,5,open
G0102,G0134,1,1,open
G0103,G0104,20,5,open
G0103,G0135,10,5,open
G0104,G0105,18,2,open
G0104,G0136,15,3,open
G0105,G0106,12,1,open
G0105,G0137,8,4,open
G0106,G0107,11,5,open
G0106,G0138,20,5,open
G0107,G0108,16,3,open
G0107,G0139,15,1,open
G0108,G0109,4,2,open
G0108,G0140,1,3,open
G0109,G0110,12,3,open
G0109,G0141,18,5,open
G0110,G0111,12,1,open
G0110,G0142,2,2,open
G0111,G0112,16,2,open
G0111,G0143,14,1,open
G0112,G0113,9,5,open
G0112,G0144,7,2,open
G0113,G0114,4,4,open
G0113,G0145,7,4,open
G0114,G0115,7,3,open
G0114,G0146,4,4,open
G0115,G0116,2,5,open
G0115,G0147,4,4,open
G0116,G0117,15,5,open
G0116,G0148,17,2,open
G0117,G0118,16,1,open
G0117,G0149,17,1,open
G0118,G0119,18,4,open
G0118,G0150,19,4,open
G0119,G0120,17,2,open
G0119,G0151,19,2,open
G0120,G0121,5,1,open
G0120,G0152,13,5,open
G0121,G0122,20,3,open
G0121,G0153,17,4,open
G0122,G0123,14,5,open
G0122,G0154,8,3,open
G0123,G0124,13,3,open
G0123,G0155,10,4,open
G0124,G0125,5,2,open
G0124,G0156,14,5,open
G0125,G0126,17,3,open
G0125,G0157,18,3,open
G0126,G0127,18,2,open
G0126,G0158,7,2,open
G0127,G0128,20,3,open
G0127,G0159,12,2,open
G0128,G0160,6,5,open
G0129,G0130,18,3,open
G0129,G0161,4,3,open
G0130,G0131,18,4,open
G0130,G0162,19,5,open
G0131,G0132,14,5,open
G0131,G0163,10,4,open
G0132,G0133,1,5,open
G0132,G0164,4,1,open
G0133,G0134,13,2,open
G0133,G0165,2,1,open
G0134,G0135,7,3,open
G0134,G0166,6,3,open
G0135,G0136,9,2,open
G0135,G0167,2,3,open
G0136,G0137,7,5,open
G0136,G0168,2,3,open
G0137,G0138,15,1,open
G0137,G0169,20,5,open
G0138,G0139,8,5,open
G0138,G0170,13,2,open
G0139,G0140,17,3,open
G0139,G0171,2,4,open
G0140,G0141,13,4,open
G0140,G0172,11,5,open
G0141,G0142,2,1,open
G0141,G0173,9,2,open
G0142,G0143,20,4,open
G0142,G0174,8,3,open
G0143,G0144,19,5,open
G0143,G0175,20,2,open
G0144,G0145,7,3,open
G0144,G0176,15,2,open
G0145,G0146,3,2,open
G0145,G0177,6,5,open
G0146,G0147,4,4,open
G0146,G0178,2,4,open
G0147,G0148,9,5,open
G0147,G0179,9,2,open
G0148,G0149,6,5,open
G0148,G0180,9,1,open
G0149,G0150,11,4,open
G0149,G0181,5,1,open
G0150,G0151,5,3,open
G0150,G0182,20,1,open
G0151,G0152,20,3,open
G0151,G0183,16,5,open
G0152,G0153,18,3,open
G0152,G0184,3,3,open
G0153,G0154,17,2,open
G0153,G0185,6,5,open
G0154,G0155,3,5,open
G0154,G0186,6,4,open
G0155,G0156,18,5,open
G0155,G0187,13,1,open
G0156,G0157,12,2,open
G0156,G0188,7,3,open
G0157,G0158,11,3,open
G0157,G0189,10,2,open
G0158,G0159,20,5,open
G0158,G0190,16,5,open
G0159,G0160,1,1,open
G0159,G0191,12,4,open
G0160,G0192,8,5,open
G0161,G0162,20,2,open
G0161,G0193,2,3,open
G0162,G0163,13,1,open
G0162,G0194,13,3,open
G0163,G0164,18,3,open
G0163,G0195,1,5,open
G0164,G0165,12,5,open
G0164,G0196,17,4,open
G0165,G0166,16,1,open
G0165,G0197,10,2,open
G0166,G0167,11,5,open
G0166,G0198,3,1,open
G0167,G0168,6,5,open
G0167,G0199,18,1,open
G0168,G0169,3,2,open
G0168,G0200,7,4,open
G0169,G0170,4,2,open
G0169,G0201,18,4,open
G0170,G0171,3,2,open
G0170,G0202,1,4,open
G0171,G0172,11,1,open
G0171,G0203,3,1,open
G0172,G0173,2,2,open
G0172,G0204,9,5,open
G0173,G0174,3,5,open
G0173,G0205,8,3,open
G0174,G0175,14,4,open
G0174,G0206,15,4,open
G0175,G0176,14,3,open
G0175,G0207,1,4,open
G0176,G0177,4,5,open
G0176,G0208,1,5,open
G0177,G0178,3,5,open
G0177,G0209,2,1,open
G0178,G0179,12,5,open
G0178,G0210,4,3,open
G0179,G0180,10,5,open
G0179,G0211,3,3,open
G0180,G0181,15,4,open
G0180,G0212,13,1,open
G0181,G0182,16,2,open
G0181,G0213,18,2,open
G0182,G0183,5,4,open
G0182,G0214,18,3,open
G0183,G0184,5,3,open
G0183,G0215,12,1,open
G0184,G0185,18,5,open
G0184,G0216,5,1,open
G0185,G0186,2,1,open
G0185,G0217,19,5,open
G0186,G0187,13,5,open
G0186,G0218,18,1,open
G0187,G0188,10,2,open
G0187,G0219,12,2,open
G0188,G0189,14,5,open
G0188,G0220,5,2,open
G0189,G0190,6,2,open
G0189,G0221,20,3,open
G0190,G0191,7,1,open
G0190,G0222,6,5,open
G0191,G0192,2,5,open
G0191,G0223,15,5,open
G0192,G0224,3,3,open
G0193,G0194,3,3,open
G0193,G0225,4,2,open
G0194,G0195,19,4,open
G0194,G0226,11,3,open
G0195,G0196,5,2,open
G0195,G0227,4,3,open
G0196,G0197,20,1,open
G0196,G0228,7,3,open
G0197,G0198,16,4,open
G0197,G0229,11,5,open
G0198,G0199,10,5,open
G0198,G0230,5,5,open
G0199,G0200,19,3,open
G0199,G0231,11,4,open
G0200,G0201,6,1,open
G0200,G0232,11,2,open
G0201,G0202,8,4,open
G0201,G0233,9,3,open
G0202,G0203,5,3,open
G0202,G0234,16,4,open
G0203,G0204,15,3,open
G0203,G0235,10,4,open
G0204,G0205,18,1,open
G0204,G0236,6,5,open
G0205,G0206,3,3,open
G0205,G0237,5,5,open
G0206,G0207,7,3,open
G0206,G0238,3,1,open
G0207,G0208,1,5,open
G0207,G0239,1,5,open
G0208,G0209,19,4,open
G0208,G0240,19,2,open
G0209,G0210,2,5,open
G0209,G0241,9,5,open
G0210,G0211,18,4,open
G0210,G0242,5,3,open
G0211,G0212,13,2,open
G0211,G0243,19,3,open
G0212,G0213,5,4,open
G0212,G0244,17,5,open
G0213,G0214,3,4,open
G0213,G0245,12,5,open
G0214,G0215,1,2,open
G0214,G0246,20,2,open
G0215,G0216,17,2,open
G0215,G0247,15,2,open
G0216,G0217,6,5,open
G0216,G0248,19,2,open
G0217,G0218,16,3,open
G0217,G0249,2,2,open
G0218,G0219,16,2,open
G0218,G0250,3,3,open
G0219,G0220,12,2,open
G0219,G0251,2,2,open
G0220,G0221,17,3,open
G0220,G0252,13,4,open
G0221,G0222,15,1,open
G0221,G0253,2,3,open
G0222,G0223,4,5,open
G0222,G0254,9,3,open
G0223,G0224,19,5,open
G0223,G0255,19,2,open
G0224,G0256,13,4,open
G0225,G0226,12,5,open
G0225,G0257,3,5,open
G0226,G0227,9,4,open
G0226,G0258,8,5,open
G0227,G0228,13,3,open
G0227,G0259,12,4,open
G0228,G0229,16,5,open
G0228,G0260,1,5,open
G0229,G0230,5,4,open
G0229,G0261,6,2,open
G0230,G0231,3,5,open
G0230,G0262,9,2,open
G0231,G0232,5,2,open
G0231,G0263,6,3,open
G0232,G0233,20,1,open
G0232,G0264,8,4,open
G0233,G0234,11,1,open
G0233,G0265,16,4,open
G0234,G0235,16,2,open
G0234,G0266,19,2,open
G0235,G0236,14,1,open
G0235,G0267,8,1,open
G0236,G0237,5,5,open
G0236,G0268,19,2,open
G0237,G0238,5,5,open
G0237,G0269,2,5,open
G0238,G0239,5,1,open
G0238,G0270,6,3,open
G0239,G0240,6,5,open
G0239,G0271,13,5,open
G0240,G0241,19,1,open
G0240,G0272,10,1,open
G0241,G0242,7,4,open
G0241,G0273,20,4,open
G0242,G0243,16,2,open
G0242,G0274,8,4,open
G0243,G0244,20,2,open
G0243,G0275,19,2,open
G0244,G0245,20,5,open
G0244,G0276,9,2,open
G0245,G0246,11,4,open
G0245,G0277,20,5,open
G0246,G0247,3,2,open
G0246,G0278,13,4,open
G0247,G0248,5,1,open
G0247,G0279,1,2,open
G0248,G0249,17,5,open
G0248,G0280,14,2,open
G0249,G0250,20,1,open
G0249,G0281,6,4,open
G0250,G0251,20,5,open
G0250,G0282,2,5,open
G0251,G0252,17,1,open
G0251,G0283,3,4,open
G0252,G0253,5,5,open
G0252,G0284,18,1,open
G0253,G0254,14,5,open
G0253,G0285,14,3,open
G0254,G0255,2,5,open
G0254,G0286,14,2,open
G0255,G0256,16,4,open
G0255,G0287,12,5,open
G0256,G0288,19,1,open
G0257,G0258,14,2,open
G0257,G0289,9,4,open
G0258,G0259,8,1,open
G0258,G0290,10,5,open
G0259,G0260,18,4,open
G0259,G0291,9,2,open
G0260,G0261,1,1,open
G0260,G0292,19,5,open
G0261,G0262,4,5,open
G0261,G0293,1,4,open
G0262,G0263,7,3,open
G0262,G0294,14,3,open
G0263,G0264,4,2,open
G0263,G0295,14,5,open
G0264,G0265,9,3,open
G0264,G0296,18,4,open
G0265,G0266,19,3,open
G0265,G0297,20,3,open
G0266,G0267,13,2,open
G0266,G0298,14,5,open
G0267,G0268,18,4,open
G0267,G0299,6,3,open
G0268,G0269,18,5,open
G0268,G0300,16,3,open
G0269,G0270,10,5,open
G0269,G0301,12,4,open
G0270,G0271,5,1,open
G0270,G0302,8,4,open
G0271,G0272,6,1,open
G0271,G0303,7,5,open
G0272,G0273,13,3,open
G0272,G0304,18,5,open
G0273,G0274,2,2,open
G0273,G0305,13,1,open
G0274,G0275,3,2,open
G0274,G0306,16,5,open
G0275,G0276,14,1,open
G0275,G0307,3,3,open
G0276,G0277,8,3,open
G0276,G0308,3,5,open
G0277,G0278,2,4,open
G0277,G0309,13,5,open
G0278,G0279,17,3,open
G0278,G0310,20,1,open
G0279,G0280,6,4,open
G0279,G0311,15,1,open
G0280,G0281,7,5,open
G0280,G0312,10,2,open
G0281,G0282,2,5,open
G0281,G0313,17,5,open
G0282,G0283,8,5,open
G0282,G0314,6,1,open
G0283,G0284,12,2,open
G0283,G0315,1,2,open
G0284,G0285,3,3,open
G0284,G0316,13,3,open
G0285,G0286,13,4,open
G0285,G0317,19,2,open
G0286,G0287,17,1,open
G0286,G0318,3,1,open
G0287,G0288,18,3,open
G0287,G0319,18,5,open
G0288,G0320,12,3,open
G0289,G0290,9,2,open
G0289,G0321,20,2,open
G0290,G0291,15,4,open
G0290,G0322,19,1,open
G0291,G0292,9,2,open
G0291,G0323,14,5,open
G0292,G0293,4,5,open
G0292,G0324,3,5,open
G0293,G0294,10,3,open
G0293,G0325,4,5,open
G0294,G0295,9,5,open
G0294,G0326,19,3,open
G0295,G0296,15,4,open
G0295,G0327,19,4,open
G0296,G0297,8,3,open
G0296,G0328,15,4,open
G0297,G0298,19,1,open
G0297,G0329,16,1,open
G0298,G0299,9,1,open
G0298,G0330,13,2,open
G0299,G0300,8,3,open
G0299,G0331,14,3,open
G0300,G0301,17,5,open
G0300,G0332,1,3,open
G0301,G0302,8,3,open
G0301,G0333,3,4,open
G0302,G0303,11,1,open
G0302,G0334,18,2,open
G0303,G0304,16,3,open
G0303,G0335,12,2,open
G0304,G0305,19,3,open
G0304,G0336,6,2,open
G0305,G0306,16,2,open
G0305,G0337,8,2,open
G0306,G0307,9,2,open
G0306,G0338,8,2,open
G0307,G0308,8,5,open
G0307,G0339,12,2,open
G0308,G0309,4,1,open
G0308,G0340,3,4,open
G0309,G0310,20,1,open
G0309,G0341,18,1,open
G0310,G0311,16,3,open
G0310,G0342,20,3,open
G0311,G0312,16,5,open
G0311,G0343,9,4,open
G0312,G0313,6,5,open
G0312,G0344,9,4,open
G0313,G0314,8,5,open
G0313,G0345,5,1,open
G0314,G0315,17,4,open
G0314,G0346,16,5,open
G0315,G0316,2,5,open
G0315,G0347,12,4,open
G0316,G0317,6,4,open
G0316,G0348,4,5,open
G0317,G0318,15,3,open
G0317,G0349,1,1,open
G0318,G0319,7,4,open
G0318,G0350,19,1,open
G0319,G0320,11,3,open
G0319,G0351,20,3,open
G0320,G0352,6,5,open
G0321,G0322,9,2,open
G0321,G0353,9,4,open
G0322,G0323,20,3,open
G0322,G0354,12,2,open
G0323,G0324,16,4,open
G0323,G0355,7,4,open
G0324,G0325,12,3,open
G0324,G0356,13,3,open
G0325,G0326,15,2,open
G0325,G0357,19,2,open
G0326,G0327,19,2,open
G0326,G0358,4,3,open
G0327,G0328,8,5,open
G0327,G0359,14,4,open
G0328,G0329,7,2,open
G0328,G0360,5,4,open
G0329,G0330,1,2,open
G0329,G0361,14,4,open
G0330,G0331,5,5,open
G0330,G0362,18,3,open
G0331,G0332,16,3,open
G0331,G0363,9,5,open
G0332,G0333,19,1,open
G0332,G0364,13,1,open
G0333,G0334,6,1,open
G0333,G0365,7,3,open
G0334,G0335,16,1,open
G0334,G0366,15,3,open
G0335,G0336,9,3,open
G0335,G0367,12,5,open
G0336,G0337,18,3,open
G0336,G0368,12,1,open
G0337,G0338,14,1,open
G0337,G0369,12,5,open
G0338,G0339,7,5,open
G0338,G0370,19,5,open
G0339,G0340,6,3,open
G0339,G0371,12,3,open
G0340,G0341,17,4,open
G0340,G0372,15,1,open
G0341,G0342,13,5,open
G0341,G0373,10,4,open
G0342,G0343,5,2,open
G0342,G0374,11,4,open
G0343,G0344,20,5,open
G0343,G0375,13,1,open
G0344,G0345,3,2,open
G0344,G0376,11,2,open
G0345,G0346,11,3,open
G0345,G0377,10,3,open
G0346,G0347,20,4,open
G0346,G0378,9,4,open
G0347,G0348,12,5,open
G0347,G0379,17,4,open
G0348,G0349,14,2,open
G0348,G0380,6,1,open
G0349,G0350,5,2,open
G0349,G0381,9,1,open
G0350,G0351,7,2,open
G0350,G0382,13,1,open
G0351,G0352,4,1,open
G0351,G0383,16,5,open
G0352,G0384,2,1,open
G0353,G0354,13,5,open
G0353,G0385,3,1,open
G0354,G0355,9,5,open
G0354,G0386,5,1,open
G0355,G0356,13,3,open
G0355,G0387,8,2,open
G0356,G0357,10,4,open
G0356,G0388,5,2,open
G0357,G0358,17,2,open
G0357,G0389,1,1,open
G0358,G0359,12,3,open
G0358,G0390,16,4,open
G0359,G0360,18,3,open
G0359,G0391,18,4,open
G0360,G0361,5,5,open
G0360,G0392,6,5,open
G0361,G0362,20,4,open
G0361,G0393,19,4,open
G0362,G0363,17,5,open
G0362,G0394,10,3,open
G0363,G0364,16,5,open
G0363,G0395,8,1,open
G0364,G0365,15,3,open
G0364,G0396,12,4,open
G0365,G0366,9,2,open
G0365,G0397,10,1,open
G0366,G0367,1,5,open
G0366,G0398,5,3,open
G0367,G0368,10,4,open
G0367,G0399,18,1,open
G0368,G0369,16,4,open
G0368,G0400,10,1,open
G0369,G0370,14,3,open
G0369,G0401,20,2,open
G0370,G0371,1,5,open
G0370,G0402,12,2,open
G0371,G0372,14,5,open
G0371,G0403,14,4,open
G0372,G0373,8,2,open
G0372,G0404,13,4,open
G0373,G0374,8,3,open
G0373,G0405,3,4,open
G0374,G0375,8,5,open
G0374,G0406,20,3,open
G0375,G0376,10,5,open
G0375,G0407,9,4,open
G0376,G0377,7,1,open
G0376,G0408,6,2,open
G0377,G0378,10,1,open
G0377,G0409,15,5,open
G0378,G0379,15,3,open
G0378,G0410,20,4,open
G0379,G0380,7,3,open
G0379,G0411,1,2,open
G0380,G0381,2,5,open
G0380,G0412,1,2,open
G0381,G0382,4,3,open
G0381,G0413,9,2,open
G0382,G0383,15,1,open
G0382,G0414,8,1,open
G0383,G0384,5,1,open
G0383,G0415,16,2,open
G0384,G0416,11,4,open
G0385,G0386,10,4,open
G0385,G0417,12,4,open
G0386,G0387,2,3,open
G0386,G0418,3,2,open
G0387,G0388,2,3,open
G0387,G0419,13,1,open
G0388,G0389,18,4,open
G0388,G0420,6,2,open
G0389,G0390,9,4,open
G0389,G0421,1,1,open
G0390,G0391,8,4,open
G0390,G0422,15,2,open
G0391,G0392,2,2,open
G0391,G0423,15,1,open
G0392,G0393,17,2,open
G0392,G0424,16,4,open
G0393,G0394,10,3,open
G0393,G0425,6,1,open
G0394,G0395,18,5,open
G0394,G0426,4,3,open
G0395,G0396,16,3,open
G0395,G0427,7,3,open
G0396,G0397,2,2,open
G0396,G0428,4,2,open
G0397,G0398,14,3,open
G0397,G0429,1,2,open
G0398,G0399,9,5,open
G0398,G0430,4,4,open
G0399,G0400,8,1,open
G0399,G0431,2,5,open
G0400,G0401,16,5,open
G0400,G0432,5,3,open
G0401,G0402,3,2,open
G0401,G0433,6,4,open
G0402,G0403,3,5,open
G0402,G0434,11,1,open
G0403,G0404,2,3,open
G0403,G0435,5,5,open
G0404,G0405,4,2,open
G0404,G0436,16,2,open
G0405,G0406,11,5,open
G0405,G0437,12,4,open
G0406,G0407,7,1,open
G0406,G0438,13,3,open
G0407,G0408,5,3,open
G0407,G0439,2,4,open
G0408,G0409,15,5,open
G0408,G0440,10,5,open
G0409,G0410,16,2,open
G0409,G0441,19,2,open
G0410,G0411,18,3,open
G0410,G0442,11,4,open
G0411,G0412,9,5,open
G0411,G0443,18,2,open
G0412,G0413,3,5,open
G0412,G0444,5,4,open
G0413,G0414,10,3,open
G0413,G0445,18,3,open
G0414,G0415,15,1,open
G0414,G0446,17,4,open
G0415,G0416,6,1,open
G0415,G0447,20,3,open
G0416,G0448,20,2,open
G0417,G0418,11,1,open
G0417,G0449,18,4,open
G0418,G0419,7,5,open
G0418,G0450,16,5,open
G0419,G0420,5,5,open
G0419,G0451,10,3,open
G0420,G0421,14,3,open
G0420,G0452,4,1,open
G0421,G0422,17,1,open
G0421,G0453,2,2,open
G0422,G0423,6,1,open
G0422,G0454,7,1,open
G0423,G0424,16,2,open
G0423,G0455,4,1,open
G0424,G0425,19,4,open
G0424,G0456,16,5,open
G0425,G0426,20,5,open
G0425,G0457,9,1,open
G0426,G0427,12,2,open
G0426,G0458,20,1,open
G0427,G0428,1,2,open
G0427,G0459,16,1,open
G0428,G0429,15,1,open
G0428,G0460,12,5,open
G0429,G0430,14,3,open
G0429,G0461,2,5,open
G0430,G0431,9,5,open
G0430,G0462,2,1,open
G0431,G0432,10,1,open
G0431,G0463,7,5,open
G0432,G0433,4,1,open
G0432,G0464,8,5,open
G0433,G0434,13,2,open
G0433,G0465,7,5,open
G0434,G0435,8,5,open
G0434,G0466,6,5,open
G0435,G0436,18,4,open
G0435,G0467,4,5,open
G0436,G0437,12,4,open
G0436,G0468,14,1,open
G0437,G0438,6,2,open
G0437,G0469,18,4,open
G0438,G0439,17,3,open
G0438,G0470,6,5,open
G0439,G0440,20,4,open
G0439,G0471,12,3,open
G0440,G0441,18,3,open
G0440,G0472,12,4,open
G0441,G0442,14,3,open
G0441,G0473,20,2,open
G0442,G0443,19,5,open
G0442,G0474,7,4,open
G0443,G0444,18,3,open
G0443,G0475,12,4,open
G0444,G0445,15,4,open
G0444,G0476,1,1,open
G0445,G0446,10,5,open
G0445,G0477,1,5,open
G0446,G0447,5,3,open
G0446,G0478,1,3,open
G0447,G0448,8,2,open
G0447,G0479,11,1,open
G0448,G0480,9,5,open
G0449,G0450,17,5,open
G0449,G0481,19,5,open
G0450,G0451,5,1,open
G0450,G0482,2,4,open
G0451,G0452,12,2,open
G0451,G0483,5,3,open
G0452,G0453,12,5,open
G0452,G0484,8,2,open
G0453,G0454,9,3,open
G0453,G0485,3,5,open
G0454,G0455,13,5,open
G0454,G0486,7,1,open
G0455,G0456,11,4,open
G0455,G0487,6,4,open
G0456,G0457,19,1,open
G0456,G0488,20,3,open
G0457,G0458,2,5,open
G0457,G0489,13,1,open
G0458,G0459,2,3,open
G0458,G0490,12,4,open
G0459,G0460,14,1,open
G0459,G0491,8,5,open
G0460,G0461,1,4,open
G0460,G0492,2,3,open
G0461,G0462,17,1,open
G0461,G0493,11,5,open
G0462,G0463,19,2,open
G0462,G0494,11,5,open
G0463,G0464,8,2,open
G0463,G0495,2,4,open
G0464,G0465,15,5,open
G0464,G0496,19,5,open
G0465,G0466,3,2,open
G0465,G0497,14,3,open
G0466,G0467,13,2,open
G0466,G0498,5,3,open
G0467,G0468,3,4,open
G0467,G0499,19,1,open
G0468,G0469,18,4,open
G0468,G0500,9,1,open
G0469,G0470,13,5,open
G0469,G0501,14,2,open
G0470,G0471,5,4,open
G0470,G0502,18,2,open
G0471,G0472,16,4,open
G0471,G0503,19,2,open
G0472,G0473,18,5,open
G0472,G0504,17,2,open
G0473,G0474,8,1,open
G0473,G0505,9,4,open
G0474,G0475,11,5,open
G0474,G0506,3,1,open
G0475,G0476,14,4,open
G0475,G0507,12,3,open
G0476,G0477,7,3,open
G0476,G0508,12,5,open
G0477,G0478,1,3,open
G0477,G0509,6,3,open
G0478,G0479,20,4,open
G0478,G0510,20,2,open
G0479,G0480,15,1,open
G0479,G0511,8,2,open
G0480,G0512,12,2,open
G0481,G0482,3,1,open
G0481,G0513,2,2,open
G0482,G0483,20,2,open
G0482,G0514,10,1,open
G0483,G0484,11,1,open
G0483,G0515,10,4,open
G0484,G0485,16,1,open
G0484,G0516,11,2,open
G0485,G0486,18,2,open
G0485,G0517,7,5,open
G0486,G0487,17,3,open
G0486,G0518,18,4,open
G0487,G0488,20,2,open
G0487,G0519,1,4,open
G0488,G0489,19,5,open
G0488,G0520,2,3,open
G0489,G0490,6,1,open
G0489,G0521,10,2,open
G0490,G0491,20,3,open
G0490,G0522,2,4,open
G0491,G0492,1,1,open
G0491,G0523,13,3,open
G0492,G0493,12,1,open
G0492,G0524,1,3,open
G0493,G0494,13,2,open
G0493,G0525,13,5,open
G0494,G0495,4,3,open
G0494,G0526,16,5,open
G0495,G0496,18,1,open
G0495,G0527,6,2,open
G0496,G0497,17,4,open
G0496,G0528,18,1,open
G0497,G0498,2,2,open
G0497,G0529,17,3,open
G0498,G0499,11,4,open
G0498,G0530,13,2,open
G0499,G0500,1,3,open
G0499,G0531,12,3,open
G0500,G0501,10,2,open
G0500,G0532,17,3,open
G0501,G0502,2,3,open
G0501,G0533,13,1,open
G0502,G0503,18,3,open
G0502,G0534,8,2,open
G0503,G0504,11,4,open
G0503,G0535,5,1,open
G0504,G0505,13,5,open
G0504,G0536,20,2,open
G0505,G0506,14,2,open
G0505,G0537,19,2,open
G0506,G0507,14,3,open
G0506,G0538,20,3,open
G0507,G0508,15,5,open
G0507,G0539,5,2,open
G0508,G0509,5,5,open
G0508,G0540,18,2,open
G0509,G0510,5,3,open
G0509,G0541,17,2,open
G0510,G0511,14,2,open
G0510,G0542,19,2,open
G0511,G0512,11,1,open
G0511,G0543,18,5,open
G0512,G0544,4,2,open
G0513,G0514,11,2,open
G0513,G0545,1,3,open
G0514,G0515,14,4,open
G0514,G0546,10,4,open
G0515,G0516,9,2,open
G0515,G0547,7,1,open
G0516,G0517,5,2,open
G0516,G0548,1,5,open
G0517,G0518,20,3,open
G0517,G0549,20,5,open
G0518,G0519,20,2,open
G0518,G0550,20,2,open
G0519,G0520,8,1,open
G0519,G0551,12,1,open
G0520,G0521,16,2,open
G0520,G0552,17,5,open
G0521,G0522,16,3,open
G0521,G0553,6,4,open
G0522,G0523,16,4,open
G0522,G0554,5,2,open
G0523,G0524,7,2,open
G0523,G0555,2,4,open
G0524,G0525,1,3,open
G0524,G0556,14,2,open
G0525,G0526,7,2,open
G0525,G0557,3,2,open
G0526,G0527,15,5,open
G0526,G0558,16,3,open
G0527,G0528,15,2,open
G0527,G0559,14,4,open
G0528,G0529,2,5,open
G0528,G0560,13,3,open
G0529,G0530,13,5,open
G0529,G0561,19,5,open
G0530,G0531,18,5,open
G0530,G0562,2,5,open
G0531,G0532,4,4,open
G0531,G0563,15,1,open
G0532,G0533,8,5,open
G0532,G0564,18,4,open
G0533,G0534,2,5,open
G0533,G0565,13,5,open
G0534,G0535,2,2,open
G0534,G0566,10,4,open
G0535,G0536,13,3,open
G0535,G0567,10,4,open
G0536,G0537,6,4,open
G0536,G0568,10,5,open
G0537,G0538,2,5,open
G0537,G0569,5,4,open
G0538,G0539,15,1,open
G0538,G0570,17,1,open
G0539,G0540,6,5,open
G0539,G0571,18,2,open
G0540,G0541,13,4,open
G0540,G0572,11,4,open
G0541,G0542,1,2,open
G0541,G0573,15,5,open
G0542,G0543,7,4,open
G0542,G0574,3,3,open
G0543,G0544,11,2,open
G0543,G0575,4,1,open
G0544,G0576,4,4,open
G0545,G0546,12,1,open
G0545,G0577,17,4,open
G0546,G0547,17,5,open
G0546,G0578,6,4,open
G0547,G0548,18,4,open
G0547,G0579,2,2,open
G0548,G0549,11,5,open
G0548,G0580,5,2,open
G0549,G0550,5,2,open
G0549,G0581,2,4,open
G0550,G0551,10,3,open
G0550,G0582,15,3,open
G0551,G0552,6,1,open
G0551,G0583,5,2,open
G0552,G0553,1,5,open
G0552,G0584,9,1,open
G0553,G0554,15,4,open
G0553,G0585,16,5,open
G0554,G0555,1,5,open
G0554,G0586,16,2,open
G0555,G0556,7,5,open
G0555,G0587,16,4,open
G0556,G0557,14,4,open
G0556,G0588,3,5,open
G0557,G0558,20,1,open
G0557,G0589,8,5,open
G0558,G0559,9,5,open
G0558,G0590,18,2,open
G0559,G0560,2,2,open
G0559,G0591,5,1,open
G0560,G0561,12,1,open
G0560,G0592,5,1,open
G0561,G0562,19,5,open
G0561,G0593,10,3,open
G0562,G0563,3,1,open
G0562,G0594,4,4,open
G0563,G0564,6,2,open
G0563,G0595,10,5,open
G0564,G0565,20,5,open
G0564,G0596,18,2,open
G0565,G0566,15,5,open
G0565,G0597,12,1,open
G0566,G0567,3,3,open
G0566,G0598,11,3,open
G0567,G0568,13,1,open
G0567,G0599,14,5,open
G0568,G0569,3,3,open
G0568,G0600,16,2,open
G0569,G0570,4,3,open
G0569,G0601,11,5,open
G0570,G0571,14,5,open
G0570,G0602,7,2,open
G0571,G0572,20,1,open
G0571,G0603,4,5,open
G0572,G0573,17,1,open
G0572,G0604,16,5,open
G0573,G0574,10,4,open
G0573,G0605,20,3,open
G0574,G0575,9,5,open
G0574,G0606,19,5,open
G0575,G0576,12,2,open
G0575,G0607,20,5,open
G0576,G0608,16,5,open
G0577,G0578,16,4,open
G0577,G0609,6,5,open
G0578,G0579,8,3,open
G0578,G0610,7,1,open
G0579,G0580,4,1,open
G0579,G0611,15,1,open
G0580,G0581,7,5,open
G0580,G0612,14,4,open
G0581,G0582,2,3,open
G0581,G0613,12,5,open
G0582,G0583,7,1,open
G0582,G0614,7,3,open
G0583,G0584,9,1,open
G0583,G0615,10,3,open
G0584,G0585,17,5,open
G0584,G0616,11,1,open
G0585,G0586,4,3,open
G0585,G0617,11,4,open
G0586,G0587,19,5,open
G0586,G0618,1,2,open
G0587,G0588,7,3,open
G0587,G0619,11,4,open
G0588,G0589,16,1,open
G0588,G0620,5,4,open
G0589,G0590,5,4,open
G0589,G0621,18,3,open
G0590,G0591,15,4,open
G0590,G0622,2,5,open
G0591,G0592,10,5,open
G0591,G0623,11,5,open
G0592,G0593,18,1,open
G0592,G0624,7,5,open
G0593,G0594,11,3,open
G0593,G0625,3,2,open
G0594,G0595,9,1,open
G0594,G0626,11,4,open
G0595,G0596,18,2,open
G0595,G0627,19,5,open
G0596,G0597,13,2,open
G0596,G0628,20,1,open
G0597,G0598,10,3,open
G0597,G0629,2,3,open
G0598,G0599,14,1,open
G0598,G0630,16,2,open
G0599,G0600,12,4,open
G0599,G0631,10,2,open
G0600,G0601,17,3,open
G0600,G0632,6,1,open
G0601,G0602,12,1,open
G0601,G0633,7,1,open
G0602,G0603,15,5,open
G0602,G0634,1,4,open
G0603,G0604,17,2,open
G0603,G0635,7,3,open
G0604,G0605,16,5,open
G0604,G0636,10,3,open
G0605,G0606,5,1,open
G0605,G0637,17,2,open
G0606,G0607,7,1,open
G0606,G0638,15,4,open
G0607,G0608,17,1,open
G0607,G0639,1,3,open
G0608,G0640,2,5,open
G0609,G0610,3,3,open
G0609,G0641,15,1,open
G0610,G0611,4,5,open
G0610,G0642,10,1,open
G0611,G0612,19,3,open
G0611,G0643,7,3,open
G0612,G0613,7,2,open
G0612,G0644,10,3,open
G0613,G0614,18,3,open
G0613,G0645,15,1,open
G0614,G0615,9,2,open
G0614,G0646,6,3,open
G0615,G0616,4,1,open
G0615,G0647,20,5,open
G0616,G0617,17,1,open
G0616,G0648,7,5,open
G0617,G0618,12,5,open
G0617,G0649,11,3,open
G0618,G0619,5,3,open
G0618,G0650,19,2,open
G0619,G0620,6,1,open
G0619,G0651,10,5,open
G0620,G0621,11,5,open
G0620,G0652,15,1,open
G0621,G0622,5,1,open
G0621,G0653,16,1,open
G0622,G0623,4,4,open
G0622,G0654,2,1,open
G0623,G0624,14,4,open
G0623,G0655,6,5,open
G0624,G0625,19,4,open
G0624,G0656,20,3,open
G0625,G0626,10,3,open
G0625,G0657,7,5,open
G0626,G0627,3,4,open
G0626,G0658,19,2,open
G0627,G0628,3,4,open
G0627,G0659,4,4,open
G0628,G0629,10,4,open
G0628,G0660,16,2,open
G0629,G0630,8,2,open
G0629,G0661,20,3,open
G0630,G0631,12,4,open
G0630,G0662,6,3,open
G0631,G0632,11,4,open
G0631,G0663,16,1,open
G0632,G0633,3,4,open
G0632,G0664,4,3,open
G0633,G0634,16,4,open
G0633,G0665,6,3,open
G0634,G0635,12,5,open
G0634,G0666,19,2,open
G0635,G0636,17,1,open
G0635,G0667,13,1,open
G0636,G0637,11,5,open
G0636,G0668,3,3,open
G0637,G0638,18,4,open
G0637,G0669,13,5,open
G0638,G0639,14,2,open
G0638,G0670,20,2,open
G0639,G0640,18,2,open
G0639,G0671,16,4,open
G0640,G0672,3,3,open
G0641,G0642,7,5,open
G0641,G0673,14,4,open
G0642,G0643,19,3,open
G0642,G0674,18,2,open
G0643,G0644,6,1,open
G0643,G0675,19,4,open
G0644,G0645,4,5,open
G0644,G0676,20,4,open
G0645,G0646,11,5,open
G0645,G0677,4,4,open
G0646,G0647,6,3,open
G0646,G0678,13,1,open
G0647,G0648,20,1,open
G0647,G0679,20,4,open
G0648,G0649,11,4,open
G0648,G0680,2,1,open
G0649,G0650,7,2,open
G0649,G0681,19,1,open
G0650,G0651,5,2,open
G0650,G0682,15,5,open
G0651,G0652,10,4,open
G0651,G0683,20,5,open
G0652,G0653,15,2,open
G0652,G0684,7,3,open
G0653,G0654,10,5,open
G0653,G0685,10,4,open
G0654,G0655,12,1,open
G0654,G0686,19,1,open
G0655,G0656,20,5,open
G0655,G0687,13,2,open
G0656,G0657,10,1,open
G0656,G0688,12,5,open
G0657,G0658,2,1,open
G0657,G0689,18,3,open
G0658,G0659,4,3,open
G0658,G0690,1,2,open
G0659,G0660,14,5,open
G0659,G0691,13,3,open
G0660,G0661,13,4,open
G0660,G0692,13,4,open
G0661,G0662,18,2,open
G0661,G0693,6,4,open
G0662,G0663,5,2,open
G0662,G0694,18,4,open
G0663,G0664,12,4,open
G0663,G0695,5,3,open
G0664,G0665,5,2,open
G0664,G0696,1,1,open
G0665,G0666,1,2,open
G0665,G0697,16,4,open
G0666,G0667,5,1,open
G0666,G0698,5,4,open
G0667,G0668,15,5,open
G0667,G0699,14,5,open
G0668,G0669,6,4,open
G0668,G0700,17,4,open
G0669,G0670,18,4,open
G0669,G0701,13,3,open
G0670,G0671,8,2,open
G0670,G0702,14,5,open
G0671,G0672,1,5,open
G0671,G0703,16,2,open
G0672,G0704,17,3,open
G0673,G0674,14,5,open
G0673,G0705,19,3,open
G0674,G0675,2,1,open
G0674,G0706,19,4,open
G0675,G0676,12,1,open
G0675,G0707,19,4,open
G0676,G0677,3,2,open
G0676,G0708,17,3,open
G0677,G0678,15,5,open
G0677,G0709,3,5,open
G0678,G0679,20,1,open
G0678,G0710,8,4,open
G0679,G0680,3,5,open
G0679,G0711,19,3,open
G0680,G0681,20,1,open
G0680,G0712,11,5,open
G0681,G0682,1,4,open
G0681,G0713,15,5,open
G0682,G0683,16,5,open
G0682,G0714,11,4,open
G0683,G0684,12,3,open
G0683,G0715,10,2,open
G0684,G0685,2,5,open
G0684,G0716,10,5,open
G0685,G0686,9,1,open
G0685,G0717,16,5,open
G0686,G0687,6,5,open
G0686,G0718,2,3,open
G0687,G0688,20,1,open
G0687,G0719,10,4,open
G0688,G0689,3,2,open
G0688,G0720,17,1,open
G0689,G0690,9,3,open
G0689,G0721,5,5,open
G0690,G0691,9,3,open
G0690,G0722,9,1,open
G0691,G0692,4,5,open
G0691,G0723,6,5,open
G0692,G0693,5,4,open
G0692,G0724,12,2,open
G0693,G0694,9,2,open
G0693,G0725,16,2,open
G0694,G0695,17,1,open
G0694,G0726,11,1,open
G0695,G0696,5,5,open
G0695,G0727,5,4,open
G0696,G0697,14,4,open
G0696,G0728,8,4,open
G0697,G0698,6,2,open
G0697,G0729,19,3,open
G0698,G0699,2,3,open
G0698,G0730,4,1,open
G0699,G0700,6,4,open
G0699,G0731,13,4,open
G0700,G0701,10,4,open
G0700,G0732,18,2,open
G0701,G0702,13,4,open
G0701,G0733,16,3,open
G0702,G0703,5,5,open
G0702,G0734,14,1,open
G0703,G0704,10,4,open
G0703,G0735,13,3,open
G0704,G0736,17,1,open
G0705,G0706,4,5,open
G0705,G0737,12,4,open
G0706,G0707,20,3,open
G0706,G0738,11,3,open
G0707,G0708,9,1,open
G0707,G0739,9,5,open
G0708,G0709,13,4,open
G0708,G0740,8,5,open
G0709,G0710,7,5,open
G0709,G0741,11,2,open
G0710,G0711,11,5,open
G0710,G0742,1,1,open
G0711,G0712,3,1,open
G0711,G0743,14,1,open
G0712,G0713,17,1,open
G0712,G0744,15,3,open
G0713,G0714,8,3,open
G0713,G0745,9,2,open
G0714,G0715,2,1,open
G0714,G0746,20,1,open
G0715,G0716,2,5,open
G0715,G0747,7,5,open
G0716,G0717,4,1,open
G0716,G0748,3,5,open
G0717,G0718,5,4,open
G0717,G0749,19,2,open
G0718,G0719,4,2,open
G0718,G0750,9,3,open
G0719,G0720,15,1,open
G0719,G0751,15,3,open
G0720,G0721,14,3,open
G0720,G0752,9,2,open
G0721,G0722,3,3,open
G0721,G0753,2,4,open
G0722,G0723,13,3,open
G0722,G0754,2,3,open
G0723,G0724,9,2,open
G0723,G0755,15,1,open
G0724,G0725,16,2,open
G0724,G0756,20,4,open
G0725,G0726,6,4,open
G0725,G0757,4,2,open
G0726,G0727,18,4,open
G0726,G0758,7,5,open
G0727,G0728,4,4,open
G0727,G0759,9,1,open
G0728,G0729,2,1,open
G0728,G0760,3,5,open
G0729,G0730,9,4,open
G0729,G0761,1,4,open
G0730,G0731,5,1,open
G0730,G0762,2,4,open
G0731,G0732,9,2,open
G0731,G0763,11,4,open
G0732,G0733,19,1,open
G0732,G0764,17,4,open
G0733,G0734,16,4,open
G0733,G0765,13,1,open
G0734,G0735,18,2,open
G0734,G0766,1,4,open
G0735,G0736,16,1,open
G0735,G0767,19,5,open
G0736,G0768,12,3,open
G0737,G0738,10,4,open
G0737,G0769,2,1,open
G0738,G0739,12,5,open
G0738,G0770,11,1,open
G0739,G0740,15,3,open
G0739,G0771,7,2,open
G0740,G0741,18,1,open
G0740,G0772,13,2,open
G0741,G0742,10,4,open
G0741,G0773,4,3,open
G0742,G0743,16,1,open
G0742,G0774,15,2,open
G0743,G0744,5,1,open
G0743,G0775,7,1,open
G0744,G0745,19,2,open
G0744,G0776,16,4,open
G0745,G0746,3,5,open
G0745,G0777,10,4,open
G0746,G0747,18,4,open
G0746,G0778,1,1,open
G0747,G0748,11,1,open
G0747,G0779,11,1,open
G0748,G0749,13,1,open
G0748,G0780,7,5,open
G0749,G0750,15,5,open
G0749,G0781,5,5,open
G0750,G0751,8,1,open
G0750,G0782,2,2,open
G0751,G0752,16,1,open
G0751,G0783,16,5,open
G0752,G0753,2,2,open
G0752,G0784,5,1,open
G0753,G0754,6,1,open
G0753,G0785,10,1,open
G0754,G0755,15,5,open
G0754,G0786,6,5,open
G0755,G0756,3,1,open
G0755,G0787,4,4,open
G0756,G0757,20,5,open
G0756,G0788,8,1,open
G0757,G0758,7,4,open
G0757,G0789,11,4,open
G0758,G0759,11,1,open
G0758,G0790,19,5,open
G0759,G0760,5,3,open
G0759,G0791,7,1,open
G0760,G0761,19,2,open
G0760,G0792,11,1,open
G0761,G0762,4,3,open
G0761,G0793,5,4,open
G0762,G0763,6,3,open
G0762,G0794,18,2,open
G0763,G0764,15,2,open
G0763,G0795,19,1,open
G0764,G0765,5,1,open
G0764,G0796,20,4,open
G0765,G0766,6,1,open
G0765,G0797,16,1,open
G0766,G0767,1,1,open
G0766,G0798,6,1,open
G0767,G0768,19,3,open
G0767,G0799,14,4,open
G0768,G0800,5,2,open
G0769,G0770,5,3,open
G0769,G0801,17,4,open
G0770,G0771,14,2,open
G0770,G0802,6,5,open
G0771,G0772,2,5,open
G0771,G0803,6,4,open
G0772,G0773,20,1,open
G0772,G0804,10,3,open
G0773,G0774,14,1,open
G0773,G0805,18,2,open
G0774,G0775,7,1,open
G0774,G0806,17,1,open
G0775,G0776,20,3,open
G0775,G0807,18,5,open
G0776,G0777,8,4,open
G0776,G0808,7,3,open
G0777,G0778,2,2,open
G0777,G0809,4,2,open
G0778,G0779,16,4,open
G0778,G0810,6,2,open
G0779,G0780,2,1,open
G0779,G0811,12,3,open
G0780,G0781,7,4,open
G0780,G0812,9,3,open
G0781,G0782,20,4,open
G0781,G0813,2,1,open
G0782,G0783,2,5,open
G0782,G0814,6,2,open
G0783,G0784,1,4,open
G0783,G0815,17,1,open
G0784,G0785,3,2,open
G0784,G0816,15,5,open
G0785,G0786,19,3,open
G0785,G0817,14,2,open
G0786,G0787,11,2,open
G0786,G0818,4,3,open
G0787,G0788,8,1,open
G0787,G0819,8,4,open
G0788,G0789,7,4,open
G0788,G0820,8,1,open
G0789,G0790,16,5,open
G0789,G0821,16,1,open
G0790,G0791,14,2,open
G0790,G0822,7,5,open
G0791,G0792,15,2,open
G0791,G0823,13,3,open
G0792,G0793,5,4,open
G0792,G0824,7,3,open
G0793,G0794,9,2,open
G0793,G0825,11,2,open
G0794,G0795,2,5,open
G0794,G0826,2,3,open
G0795,G0796,5,1,open
G0795,G0827,15,4,open
G0796,G0797,14,2,open
G0796,G0828,11,2,open
G0797,G0798,10,5,open
G0797,G0829,6,5,open
G0798,G0799,6,5,open
G0798,G0830,18,2,open
G0799,G0800,3,4,open
G0799,G0831,17,4,open
G0800,G0832,7,5,open
G0801,G0802,16,4,open
G0801,G0833,9,1,open
G0802,G0803,14,2,open
G0802,G0834,8,3,open
G0803,G0804,14,5,open
G0803,G0835,8,5,open
G0804,G0805,5,5,open
G0804,G0836,1,4,open
G0805,G0806,2,1,open
G0805,G0837,16,5,open
G0806,G0807,2,4,open
G0806,G0838,17,4,open
G0807,G0808,16,1,open
G0807,G0839,15,4,open
G0808,G0809,8,1,open
G0808,G0840,18,1,open
G0809,G0810,14,2,open
G0809,G0841,5,3,open
G0810,G0811,10,2,open
G0810,G0842,3,1,open
G0811,G0812,16,3,open
G0811,G0843,6,4,open
G0812,G0813,19,5,open
G0812,G0844,1,4,open
G0813,G0814,15,2,open
G0813,G0845,13,2,open
G0814,G0815,12,4,open
G0814,G0846,1,1,open
G0815,G0816,13,3,open
G0815,G0847,17,1,open
G0816,G0817,10,4,open
G0816,G0848,9,5,open
G0817,G0818,18,5,open
G0817,G0849,7,1,open
G0818,G0819,20,3,open
G0818,G0850,2,5,open
G0819,G0820,12,1,open
G0819,G0851,4,4,open
G0820,G0821,12,4,open
G0820,G0852,20,1,open
G0821,G0822,12,3,open
G0821,G0853,6,5,open
G0822,G0823,3,5,open
G0822,G0854,7,2,open
G0823,G0824,11,2,open
G0823,G0855,18,1,open
G0824,G0825,16,5,open
G0824,G0856,7,2,open
G0825,G0826,11,3,open
G0825,G0857,9,5,open
G0826,G0827,14,3,open
G0826,G0858,2,1,open
G0827,G0828,12,3,open
G0827,G0859,15,4,open
G0828,G0829,17,5,open
G0828,G0860,4,4,open
G0829,G0830,18,5,open
G0829,G0861,10,4,open
G0830,G0831,20,3,open
G0830,G0862,3,2,open
G0831,G0832,15,1,open
G0831,G0863,3,4,open
G0832,G0864,6,3,open
G0833,G0834,3,1,open
G0833,G0865,6,3,open
G0834,G0835,4,2,open
G0834,G0866,16,2,open
G0835,G0836,7,5,open
G0835,G0867,1,3,open
G0836,G0837,14,5,open
G0836,G0868,5,4,open
G0837,G0838,12,4,open
G0837,G0869,15,1,open
G0838,G0839,10,2,open
G0838,G0870,3,1,open
G0839,G0840,8,5,open
G0839,G0871,11,4,open
G0840,G0841,19,3,open
G0840,G0872,11,4,open
G0841,G0842,19,5,open
G0841,G0873,18,4,open
G0842,G0843,15,3,open
G0842,G0874,19,2,open
G0843,G0844,10,2,open
G0843,G0875,9,2,open
G0844,G0845,16,3,open
G0844,G0876,10,1,open
G0845,G0846,5,3,open
G0845,G0877,10,4,open
G0846,G0847,6,5,open
G0846,G0878,6,5,open
G0847,G0848,10,2,open
G0847,G0879,6,2,open
G0848,G0849,6,2,open
G0848,G0880,4,1,open
G0849,G0850,11,5,open
G0849,G0881,5,4,open
G0850,G0851,9,3,open
G0850,G0882,6,2,open
G0851,G0852,18,1,open
G0851,G0883,11,3,open
G0852,G0853,5,3,open
G0852,G0884,15,5,open
G0853,G0854,6,5,open
G0853,G0885,10,1,open
G0854,G0855,1,4,open
G0854,G0886,16,2,open
G0855,G0856,15,3,open
G0855,G0887,5,1,open
G0856,G0857,18,5,open
G0856,G0888,11,3,open
G0857,G0858,16,3,open
G0857,G0889,19,2,open
G0858,G0859,19,4,open
G0858,G0890,11,1,open
G0859,G0860,16,1,open
G0859,G0891,5,5,open
G0860,G0861,4,3,open
G0860,G0892,1,4,open
G0861,G0862,20,2,open
G0861,G0893,15,3,open
G0862,G0863,3,3,open
G0862,G0894,2,5,open
G0863,G0864,7,5,open
G0863,G0895,17,2,open
G0864,G0896,9,2,open
G0865,G0866,1,1,open
G0865,G0897,18,4,open
G0866,G0867,3,5,open
G0866,G0898,13,2,open
G0867,G0868,16,3,open
G0867,G0899,20,5,open
G0868,G0869,17,1,open
G0868,G0900,12,4,open
G0869,G0870,5,4,open
G0869,G0901,12,4,open
G0870,G0871,12,1,open
G0870,G0902,10,3,open
G0871,G0872,12,3,open
G0871,G0903,15,5,open
G0872,G0873,3,2,open
G0872,G0904,15,4,open
G0873,G0874,15,3,open
G0873,G0905,6,4,open
G0874,G0875,14,2,open
G0874,G0906,19,5,open
G0875,G0876,3,2,open
G0875,G0907,7,3,open
G0876,G0877,16,5,open
G0876,G0908,11,1,open
G0877,G0878,19,4,open
G0877,G0909,3,1,open
G0878,G0879,14,3,open
G0878,G0910,14,2,open
G0879,G0880,18,4,open
G0879,G0911,19,2,open
G0880,G0881,7,2,open
G0880,G0912,13,3,open
G0881,G0882,18,4,open
G0881,G0913,2,3,open
G0882,G0883,19,3,open
G0882,G0914,16,5,open
G0883,G0884,15,2,open
G0883,G0915,1,1,open
G0884,G0885,5,3,open
G0884,G0916,10,4,open
G0885,G0886,4,3,open
G0885,G0917,14,2,open
G0886,G0887,16,2,open
G0886,G0918,1,1,open
G0887,G0888,9,4,open
G0887,G0919,3,5,open
G0888,G0889,12,5,open
G0888,G0920,16,5,open
G0889,G0890,14,3,open
G0889,G0921,16,1,open
G0890,G0891,12,5,open
G0890,G0922,19,1,open
G0891,G0892,9,2,open
G0891,G0923,19,1,open
G0892,G0893,5,3,open
G0892,G0924,15,2,open
G0893,G0894,12,2,open
G0893,G0925,2,3,open
G0894,G0895,12,4,open
G0894,G0926,12,1,open
G0895,G0896,10,3,open
G0895,G0927,17,1,open
G0896,G0928,17,2,open
G0897,G0898,6,1,open
G0897,G0929,20,2,open
G0898,G0899,18,3,open
G0898,G0930,11,3,open
G0899,G0900,9,3,open
G0899,G0931,4,5,open
G0900,G0901,19,3,open
G0900,G0932,5,1,open
G0901,G0902,5,5,open
G0901,G0933,10,3,open
G0902,G0903,16,4,open
G0902,G0934,11,2,open
G0903,G0904,4,2,open
G0903,G0935,5,5,open
G0904,G0905,8,2,open
G0904,G0936,18,5,open
G0905,G0906,17,5,open
G0905,G0937,18,1,open
G0906,G0907,14,4,open
G0906,G0938,3,1,open
G0907,G0908,5,1,open
G0907,G0939,16,3,open
G0908,G0909,10,3,open
G0908,G0940,5,4,open
G0909,G0910,20,5,open
G0909,G0941,11,2,open
G0910,G0911,10,1,open
G0910,G0942,4,2,open
G0911,G0912,5,2,open
G0911,G0943,8,3,open
G0912,G0913,5,2,open
G0912,G0944,5,1,open
G0913,G0914,14,1,open
G0913,G0945,3,1,open
G0914,G0915,16,4,open
G0914,G0946,2,2,open
G0915,G0916,4,1,open
G0915,G0947,17,5,open
G0916,G0917,2,4,open
G0916,G0948,4,3,open
G0917,G0918,2,1,open
G0917,G0949,10,1,open
G0918,G0919,4,1,open
G0918,G0950,20,2,open
G0919,G0920,19,2,open
G0919,G0951,6,3,open
G0920,G0921,1,1,open
G0920,G0952,5,3,open
G0921,G0922,19,3,open
G0921,G0953,12,2,open
G0922,G0923,17,5,open
G0922,G0954,8,5,open
G0923,G0924,19,1,open
G0923,G0955,4,5,open
G0924,G0925,1,5,open
G0924,G0956,7,2,open
G0925,G0926,10,2,open
G0925,G0957,18,1,open
G0926,G0927,4,2,open
G0926,G0958,17,4,open
G0927,G0928,12,5,open
G0927,G0959,6,4,open
G0928,G0960,4,2,open
G0929,G0930,12,4,open
G0929,G0961,14,2,open
G0930,G0931,17,2,open
G0930,G0962,14,1,open
G0931,G0932,11,1,open
G0931,G0963,15,1,open
G0932,G0933,17,2,open
G0932,G0964,16,3,open
G0933,G0934,10,5,open
G0933,G0965,2,1,open
G0934,G0935,11,4,open
G0934,G0966,4,4,open
G0935,G0936,10,4,open
G0935,G0967,20,3,open
G0936,G0937,15,2,open
G0936,G0968,18,4,open
G0937,G0938,10,4,open
G0937,G0969,7,1,open
G0938,G0939,16,3,open
G0938,G0970,6,1,open
G0939,G0940,16,1,open
G0939,G0971,13,4,open
G0940,G0941,17,1,open
G0940,G0972,4,2,open
G0941,G0942,13,4,open
G0941,G0973,19,1,open
G0942,G0943,6,1,open
G0942,G0974,12,2,open
G0943,G0944,11,2,open
G0943,G0975,20,4,open
G0944,G0945,4,2,open
G0944,G0976,14,4,open
G0945,G0946,9,5,open
G0945,G0977,19,3,open
G0946,G0947,13,3,open
G0946,G0978,16,5,open
G0947,G0948,13,4,open
G0947,G0979,17,3,open
G0948,G0949,5,4,open
G0948,G0980,4,1,open
G0949,G0950,9,4,open
G0949,G0981,16,2,open
G0950,G0951,5,1,open
G0950,G0982,4,1,open
G0951,G0952,3,4,open
G0951,G0983,1,2,open
G0952,G0953,13,5,open
G0952,G0984,11,2,open
G0953,G0954,10,5,open
G0953,G0985,20,1,open
G0954,G0955,3,5,open
G0954,G0986,16,4,open
G0955,G0956,7,3,open
G0955,G0987,16,4,open
G0956,G0957,17,3,open
G0956,G0988,18,3,open
G0957,G0958,18,5,open
G0957,G0989,1,1,open
G0958,G0959,14,1,open
G0958,G0990,13,4,open
G0959,G0960,11,4,open
G0959,G0991,15,4,open
G0960,G0992,2,1,open
G0961,G0962,6,5,open
G0961,G0993,10,2,open
G0962,G0963,16,4,open
G0962,G0994,5,3,open
G0963,G0964,13,4,open
G0963,G0995,4,5,open
G0964,G0965,16,5,open
G0964,G0996,18,5,open
G0965,G0966,16,4,open
G0965,G0997,18,2,open
G0966,G0967,17,1,open
G0966,G0998,13,3,open
G0967,G0968,16,5,open
G0967,G0999,13,5,open
G0968,G0969,12,3,open
G0968,G1000,11,1,open
G0969,G0970,1,5,open
G0969,G1001,2,2,open
G0970,G0971,12,3,open
G0970,G1002,19,1,open
G0971,G0972,11,4,open
G0971,G1003,4,4,open
G0972,G0973,12,3,open
G0972,G1004,14,3,open
G0973,G0974,2,2,open
G0973,G1005,8,2,open
G0974,G0975,10,5,open
G0974,G1006,3,1,open
G0975,G0976,10,1,open
G0975,G1007,11,2,open
G0976,G0977,1,5,open
G0976,G1008,11,1,open
G0977,G0978,15,4,open
G0977,G1009,19,5,open
G0978,G0979,14,3,open
G0978,G1010,1,4,open
G0979,G0980,19,1,open
G0979,G1011,11,4,open
G0980,G0981,19,4,open
G0980,G1012,11,5,open
G0981,G0982,4,4,open
G0981,G1013,4,2,open
G0982,G0983,11,4,open
G0982,G1014,17,3,open
G0983,G0984,6,5,open
G0983,G1015,10,3,open
G0984,G0985,14,2,open
G0984,G1016,16,1,open
G0985,G0986,18,2,open
G0985,G1017,10,3,open
G0986,G0987,2,3,open
G0986,G1018,19,4,open
G0987,G0988,8,5,open
G0987,G1019,3,5,open
G0988,G0989,4,5,open
G0988,G1020,11,3,open
G0989,G0990,3,5,open
G0989,G1021,17,4,open
G0990,G0991,14,2,open
G0990,G1022,12,1,open
G0991,G0992,10,5,open
G0991,G1023,10,4,open
G0992,G1024,18,3,open
G0993,G0994,7,4,open
G0994,G0995,13,3,open
G0995,G0996,20,5,open
G0996,G0997,15,5,open
G0997,G0998,6,1,open
G0998,G0999,17,2,open
G0999,G1000,19,4,open
G1000,G1001,7,4,open
G1001,G1002,9,5,open
G1002,G1003,20,4,open
G1003,G1004,19,1,open
G1004,G1005,17,2,open
G1005,G1006,12,4,open
G1006,G1007,5,2,open
G1007,G1008,5,3,open
G1008,G1009,14,4,open
G1009,G1010,11,1,open
G1010,G1011,7,4,open
G1011,G1012,9,3,open
G1012,G1013,6,3,open
G1013,G1014,20,2,open
G1014,G1015,13,2,open
G1015,G1016,4,2,open
G1016,G1017,7,1,open
G1017,G1018,8,3,open
G1018,G1019,15,4,open
G1019,G1020,18,4,open
G1020,G1021,14,1,open
G1021,G1022,7,2,open
G1022,G1023,9,2,open
G1023,G1024,1,3,open
